[
    {
        "sizeCategory": "xSmall",
        "fontTable": [
            {
                "DLSTextStyleName": "headingXLarge",
                "font": "ABCSansNova-RoundedBold",
                "systemFontType": "bold",
                "pointSize": 39.0,
                "lineHeight": 54.0
            },
            {
                "DLSTextStyleName": "headingLarge",
                "font": "ABCSansNova-RoundedBold",
                "systemFontType": "bold",
                "pointSize": 29.0,
                "lineHeight": 33.0
            },
            {
                "DLSTextStyleName": "headingMedium",
                "font": "ABCSansNova-RoundedBold",
                "systemFontType": "bold",
                "pointSize": 19.0,
                "lineHeight": 24.0
            },
            {
                "DLSTextStyleName": "body",
                "font": "ABCSansNova-Rounded",
                "systemFontType": "regular",
                "pointSize": 14.0,
                "lineHeight": 24.0
            },
            {
                "DLSTextStyleName": "bodyCard",
                "font": "ABCSansNova-Rounded",
                "systemFontType": "regular",
                "pointSize": 8.0,
                "lineHeight": 19.0
            },
            {
                "DLSTextStyleName": "bodyCardBold",
                "font": "ABCSansNova-RoundedBold",
                "systemFontType": "bold",
                "pointSize": 10.0,
                "lineHeight": 14.0
            },
            {
                "DLSTextStyleName": "headingSmall",
                "font": "ABCSansNova-RoundedBold",
                "systemFontType": "bold",
                "pointSize": 19.0,
                "lineHeight": 22.0
            },
            {
                "DLSTextStyleName": "headingXSmall",
                "font": "ABCSansNova-RoundedBold",
                "systemFontType": "bold",
                "pointSize": 17.0,
                "lineHeight": 22.0
            },
            {
                "DLSTextStyleName": "lead",
                "font": "ABCSansNova-Rounded",
                "systemFontType": "regular",
                "pointSize": 27.0,
                "lineHeight": 37.0
            },
            {
                "DLSTextStyleName": "bodyBold",
                "font": "ABCSansNova-RoundedBold",
                "systemFontType": "bold",
                "pointSize": 11.0,
                "lineHeight": 15.0
            },
            {
                "DLSTextStyleName": "byline",
                "font": "ABCSansNova-Rounded",
                "systemFontType": "regular",
                "pointSize": 12.0,
                "lineHeight": 22.0
            },
            {
                "DLSTextStyleName": "quote",
                "font": "ABCSansNova-RoundedBold",
                "systemFontType": "bold",
                "pointSize": 27.0,
                "lineHeight": 37.0
            },
            {
                "DLSTextStyleName": "toolbar",
                "font": "ABCSansNova-Rounded",
                "systemFontType": "regular",
                "pointSize": 22.0,
                "lineHeight": 27.0
            },
            {
                "DLSTextStyleName": "utilityTime",
                "font": "ABCSansNova-Rounded",
                "systemFontType": "regular",
                "pointSize": 12.0,
                "lineHeight": 17.0,
                "letterSpacing": 1.5
            },
            {
                "DLSTextStyleName": "topicBottom",
                "font": "ABCSansNova-RoundedBold",
                "systemFontType": "bold",
                "pointSize": 12.0,
                "lineHeight": 22.0,
                "letterSpacing": 1.5
            }
        ]
    },
    {
        "sizeCategory": "small",
        "fontTable": [
            {
                "DLSTextStyleName": "headingXLarge",
                "font": "ABCSansNova-RoundedBold",
                "systemFontType": "bold",
                "pointSize": 41.0,
                "lineHeight": 56.0
            },
            {
                "DLSTextStyleName": "headingLarge",
                "font": "ABCSansNova-RoundedBold",
                "systemFontType": "bold",
                "pointSize": 31.0,
                "lineHeight": 35.0
            },
            {
                "DLSTextStyleName": "headingMedium",
                "font": "ABCSansNova-RoundedBold",
                "systemFontType": "bold",
                "pointSize": 21.0,
                "lineHeight": 26.0
            },
            {
                "DLSTextStyleName": "body",
                "font": "ABCSansNova-Rounded",
                "systemFontType": "regular",
                "pointSize": 16.0,
                "lineHeight": 26.0
            },
            {
                "DLSTextStyleName": "bodyCard",
                "font": "ABCSansNova-Rounded",
                "systemFontType": "regular",
                "pointSize": 10.0,
                "lineHeight": 21.0
            },
            {
                "DLSTextStyleName": "bodyCardBold",
                "font": "ABCSansNova-RoundedBold",
                "systemFontType": "bold",
                "pointSize": 12.0,
                "lineHeight": 16.0
            },
            {
                "DLSTextStyleName": "headingSmall",
                "font": "ABCSansNova-RoundedBold",
                "systemFontType": "bold",
                "pointSize": 20.0,
                "lineHeight": 23.0
            },
            {
                "DLSTextStyleName": "headingXSmall",
                "font": "ABCSansNova-RoundedBold",
                "systemFontType": "bold",
                "pointSize": 18.0,
                "lineHeight": 23.0
            },
            {
                "DLSTextStyleName": "lead",
                "font": "ABCSansNova-Rounded",
                "systemFontType": "regular",
                "pointSize": 28.0,
                "lineHeight": 38.0
            },
            {
                "DLSTextStyleName": "bodyBold",
                "font": "ABCSansNova-RoundedBold",
                "systemFontType": "bold",
                "pointSize": 13.0,
                "lineHeight": 17.0
            },
            {
                "DLSTextStyleName": "byline",
                "font": "ABCSansNova-Rounded",
                "systemFontType": "regular",
                "pointSize": 13.0,
                "lineHeight": 23.0
            },
            {
                "DLSTextStyleName": "quote",
                "font": "ABCSansNova-RoundedBold",
                "systemFontType": "bold",
                "pointSize": 28.0,
                "lineHeight": 38.0
            },
            {
                "DLSTextStyleName": "toolbar",
                "font": "ABCSansNova-Rounded",
                "systemFontType": "regular",
                "pointSize": 23.0,
                "lineHeight": 28.0
            },
            {
                "DLSTextStyleName": "utilityTime",
                "font": "ABCSansNova-Rounded",
                "systemFontType": "regular",
                "pointSize": 13.0,
                "lineHeight": 18.0,
                "letterSpacing": 1.5
            },
            {
                "DLSTextStyleName": "topicBottom",
                "font": "ABCSansNova-RoundedBold",
                "systemFontType": "bold",
                "pointSize": 13.0,
                "lineHeight": 23.0,
                "letterSpacing": 1.5
            }
        ]
    },
    {
        "sizeCategory": "medium",
        "fontTable": [
            {
                "DLSTextStyleName": "headingXLarge",
                "font": "ABCSansNova-RoundedBold",
                "systemFontType": "bold",
                "pointSize": 43.0,
                "lineHeight": 58.0
            },
            {
                "DLSTextStyleName": "headingLarge",
                "font": "ABCSansNova-RoundedBold",
                "systemFontType": "bold",
                "pointSize": 33.0,
                "lineHeight": 37.0
            },
            {
                "DLSTextStyleName": "headingMedium",
                "font": "ABCSansNova-RoundedBold",
                "systemFontType": "bold",
                "pointSize": 23.0,
                "lineHeight": 28.0
            },
            {
                "DLSTextStyleName": "body",
                "font": "ABCSansNova-Rounded",
                "systemFontType": "regular",
                "pointSize": 18.0,
                "lineHeight": 28.0
            },
            {
                "DLSTextStyleName": "bodyCard",
                "font": "ABCSansNova-Rounded",
                "systemFontType": "regular",
                "pointSize": 12.0,
                "lineHeight": 23.0
            },
            {
                "DLSTextStyleName": "bodyCardBold",
                "font": "ABCSansNova-RoundedBold",
                "systemFontType": "bold",
                "pointSize": 14.0,
                "lineHeight": 18.0
            },
            {
                "DLSTextStyleName": "headingSmall",
                "font": "ABCSansNova-RoundedBold",
                "systemFontType": "bold",
                "pointSize": 19.0,
                "lineHeight": 22.0
            },
            {
                "DLSTextStyleName": "headingXSmall",
                "font": "ABCSansNova-RoundedBold",
                "systemFontType": "bold",
                "pointSize": 23.0,
                "lineHeight": 28.0
            },
            {
                "DLSTextStyleName": "lead",
                "font": "ABCSansNova-Rounded",
                "systemFontType": "regular",
                "pointSize": 27.0,
                "lineHeight": 37.0
            },
            {
                "DLSTextStyleName": "bodyBold",
                "font": "ABCSansNova-RoundedBold",
                "systemFontType": "bold",
                "pointSize": 13.0,
                "lineHeight": 16.0
            },
            {
                "DLSTextStyleName": "byline",
                "font": "ABCSansNova-Rounded",
                "systemFontType": "regular",
                "pointSize": 14.0,
                "lineHeight": 24.0
            },
            {
                "DLSTextStyleName": "quote",
                "font": "ABCSansNova-RoundedBold",
                "systemFontType": "bold",
                "pointSize": 29.0,
                "lineHeight": 39.0
            },
            {
                "DLSTextStyleName": "toolbar",
                "font": "ABCSansNova-Rounded",
                "systemFontType": "regular",
                "pointSize": 24.0,
                "lineHeight": 29.0
            },
            {
                "DLSTextStyleName": "utilityTime",
                "font": "ABCSansNova-Rounded",
                "systemFontType": "regular",
                "pointSize": 14.0,
                "lineHeight": 19.0,
                "letterSpacing": 1.5
            },
            {
                "DLSTextStyleName": "topicBottom",
                "font": "ABCSansNova-RoundedBold",
                "systemFontType": "bold",
                "pointSize": 14.0,
                "lineHeight": 24.0,
                "letterSpacing": 1.5
            }
        ]
    },
    {
        "sizeCategory": "large",
        "default": true,
        "fontTable": [
            {
                "DLSTextStyleName": "headingXLarge",
                "font": "ABCSansNova-RoundedBold",
                "systemFontType": "bold",
                "pointSize": 45.0,
                "lineHeight": 60.0
            },
            {
                "DLSTextStyleName": "headingLarge",
                "font": "ABCSansNova-RoundedBold",
                "systemFontType": "bold",
                "pointSize": 35.0,
                "lineHeight": 39.0
            },
            {
                "DLSTextStyleName": "headingMedium",
                "font": "ABCSansNova-RoundedBold",
                "systemFontType": "bold",
                "pointSize": 25.0,
                "lineHeight": 30.0
            },
            {
                "DLSTextStyleName": "body",
                "font": "ABCSansNova-Rounded",
                "systemFontType": "regular",
                "pointSize": 20.0,
                "lineHeight": 30.0
            },
            {
                "DLSTextStyleName": "bodyCard",
                "font": "ABCSansNova-Rounded",
                "systemFontType": "regular",
                "pointSize": 14.0,
                "lineHeight": 25.0
            },
            {
                "DLSTextStyleName": "bodyCardBold",
                "font": "ABCSansNova-RoundedBold",
                "systemFontType": "bold",
                "pointSize": 16.0,
                "lineHeight": 20.0
            },
            {
                "DLSTextStyleName": "headingSmall",
                "font": "ABCSansNova-RoundedBold",
                "systemFontType": "bold",
                "pointSize": 22.0,
                "lineHeight": 25.0
            },
            {
                "DLSTextStyleName": "headingXSmall",
                "font": "ABCSansNova-RoundedBold",
                "systemFontType": "bold",
                "pointSize": 20.0,
                "lineHeight": 25.0
            },
            {
                "DLSTextStyleName": "lead",
                "font": "ABCSansNova-Rounded",
                "systemFontType": "regular",
                "pointSize": 30.0,
                "lineHeight": 40.0
            },
            {
                "DLSTextStyleName": "bodyBold",
                "font": "ABCSansNova-RoundedBold",
                "systemFontType": "bold",
                "pointSize": 15.0,
                "lineHeight": 18.0
            },
            {
                "DLSTextStyleName": "byline",
                "font": "ABCSansNova-Rounded",
                "systemFontType": "regular",
                "pointSize": 15.0,
                "lineHeight": 25.0
            },
            {
                "DLSTextStyleName": "quote",
                "font": "ABCSansNova-RoundedBold",
                "systemFontType": "bold",
                "pointSize": 30.0,
                "lineHeight": 40.0
            },
            {
                "DLSTextStyleName": "toolbar",
                "font": "ABCSansNova-Rounded",
                "systemFontType": "regular",
                "pointSize": 25.0,
                "lineHeight": 30.0
            },
            {
                "DLSTextStyleName": "utilityTime",
                "font": "ABCSansNova-Rounded",
                "systemFontType": "regular",
                "pointSize": 15.0,
                "lineHeight": 20.0,
                "letterSpacing": 1.5
            },
            {
                "DLSTextStyleName": "topicBottom",
                "font": "ABCSansNova-RoundedBold",
                "systemFontType": "bold",
                "pointSize": 15.0,
                "lineHeight": 25.0,
                "letterSpacing": 1.5
            }
        ]
    },
    {
        "sizeCategory": "xLarge",
        "fontTable": [
            {
                "DLSTextStyleName": "headingXLarge",
                "font": "ABCSansNova-RoundedBold",
                "systemFontType": "bold",
                "pointSize": 47.0,
                "lineHeight": 62.0
            },
            {
                "DLSTextStyleName": "headingLarge",
                "font": "ABCSansNova-RoundedBold",
                "systemFontType": "bold",
                "pointSize": 37.0,
                "lineHeight": 41.0
            },
            {
                "DLSTextStyleName": "headingMedium",
                "font": "ABCSansNova-RoundedBold",
                "systemFontType": "bold",
                "pointSize": 27.0,
                "lineHeight": 32.0
            },
            {
                "DLSTextStyleName": "body",
                "font": "ABCSansNova-Rounded",
                "systemFontType": "regular",
                "pointSize": 22.0,
                "lineHeight": 32.0
            },
            {
                "DLSTextStyleName": "bodyCard",
                "font": "ABCSansNova-Rounded",
                "systemFontType": "regular",
                "pointSize": 16.0,
                "lineHeight": 27.0
            },
            {
                "DLSTextStyleName": "bodyCardBold",
                "font": "ABCSansNova-RoundedBold",
                "systemFontType": "bold",
                "pointSize": 18.0,
                "lineHeight": 22.0
            },
            {
                "DLSTextStyleName": "headingSmall",
                "font": "ABCSansNova-RoundedBold",
                "systemFontType": "bold",
                "pointSize": 24.0,
                "lineHeight": 27.0
            },
            {
                "DLSTextStyleName": "headingXSmall",
                "font": "ABCSansNova-RoundedBold",
                "systemFontType": "bold",
                "pointSize": 22.0,
                "lineHeight": 27.0
            },
            {
                "DLSTextStyleName": "lead",
                "font": "ABCSansNova-Rounded",
                "systemFontType": "regular",
                "pointSize": 32.0,
                "lineHeight": 42.0
            },
            {
                "DLSTextStyleName": "bodyBold",
                "font": "ABCSansNova-RoundedBold",
                "systemFontType": "bold",
                "pointSize": 17.0,
                "lineHeight": 20.0
            },
            {
                "DLSTextStyleName": "byline",
                "font": "ABCSansNova-Rounded",
                "systemFontType": "regular",
                "pointSize": 17.0,
                "lineHeight": 27.0
            },
            {
                "DLSTextStyleName": "quote",
                "font": "ABCSansNova-RoundedBold",
                "systemFontType": "bold",
                "pointSize": 32.0,
                "lineHeight": 42.0
            },
            {
                "DLSTextStyleName": "toolbar",
                "font": "ABCSansNova-Rounded",
                "systemFontType": "regular",
                "pointSize": 27.0,
                "lineHeight": 32.0
            },
            {
                "DLSTextStyleName": "utilityTime",
                "font": "ABCSansNova-Rounded",
                "systemFontType": "regular",
                "pointSize": 17.0,
                "lineHeight": 22.0,
                "letterSpacing": 1.5
            },
            {
                "DLSTextStyleName": "topicBottom",
                "font": "ABCSansNova-RoundedBold",
                "systemFontType": "bold",
                "pointSize": 17.0,
                "lineHeight": 27.0,
                "letterSpacing": 1.5
            }
        ]
    },
    {
        "sizeCategory": "xxLarge",
        "fontTable": [
            {
                "DLSTextStyleName": "headingXLarge",
                "font": "ABCSansNova-RoundedBold",
                "systemFontType": "bold",
                "pointSize": 49.0,
                "lineHeight": 64.0
            },
            {
                "DLSTextStyleName": "headingLarge",
                "font": "ABCSansNova-RoundedBold",
                "systemFontType": "bold",
                "pointSize": 39.0,
                "lineHeight": 43.0
            },
            {
                "DLSTextStyleName": "headingMedium",
                "font": "ABCSansNova-RoundedBold",
                "systemFontType": "bold",
                "pointSize": 29.0,
                "lineHeight": 34.0
            },
            {
                "DLSTextStyleName": "body",
                "font": "ABCSansNova-Rounded",
                "systemFontType": "regular",
                "pointSize": 24.0,
                "lineHeight": 34.0
            },
            {
                "DLSTextStyleName": "bodyCard",
                "font": "ABCSansNova-Rounded",
                "systemFontType": "regular",
                "pointSize": 18.0,
                "lineHeight": 29.0
            },
            {
                "DLSTextStyleName": "bodyCardBold",
                "font": "ABCSansNova-RoundedBold",
                "systemFontType": "bold",
                "pointSize": 20.0,
                "lineHeight": 24.0
            },
            {
                "DLSTextStyleName": "headingSmall",
                "font": "ABCSansNova-RoundedBold",
                "systemFontType": "bold",
                "pointSize": 26.0,
                "lineHeight": 29.0
            },
            {
                "DLSTextStyleName": "headingXSmall",
                "font": "ABCSansNova-RoundedBold",
                "systemFontType": "bold",
                "pointSize": 24.0,
                "lineHeight": 29.0
            },
            {
                "DLSTextStyleName": "lead",
                "font": "ABCSansNova-Rounded",
                "systemFontType": "regular",
                "pointSize": 34.0,
                "lineHeight": 44.0
            },
            {
                "DLSTextStyleName": "bodyBold",
                "font": "ABCSansNova-RoundedBold",
                "systemFontType": "bold",
                "pointSize": 19.0,
                "lineHeight": 22.0
            },
            {
                "DLSTextStyleName": "byline",
                "font": "ABCSansNova-Rounded",
                "systemFontType": "regular",
                "pointSize": 19.0,
                "lineHeight": 29.0
            },
            {
                "DLSTextStyleName": "quote",
                "font": "ABCSansNova-RoundedBold",
                "systemFontType": "bold",
                "pointSize": 34.0,
                "lineHeight": 44.0
            },
            {
                "DLSTextStyleName": "toolbar",
                "font": "ABCSansNova-Rounded",
                "systemFontType": "regular",
                "pointSize": 29.0,
                "lineHeight": 34.0
            },
            {
                "DLSTextStyleName": "utilityTime",
                "font": "ABCSansNova-Rounded",
                "systemFontType": "regular",
                "pointSize": 19.0,
                "lineHeight": 24.0,
                "letterSpacing": 1.5
            },
            {
                "DLSTextStyleName": "topicBottom",
                "font": "ABCSansNova-RoundedBold",
                "systemFontType": "bold",
                "pointSize": 19.0,
                "lineHeight": 29.0,
                "letterSpacing": 1.5
            }
        ]
    },
    {
        "sizeCategory": "xxxLarge",
        "fontTable": [
            {
                "DLSTextStyleName": "headingXLarge",
                "font": "ABCSansNova-RoundedBold",
                "systemFontType": "bold",
                "pointSize": 51.0,
                "lineHeight": 67.0
            },
            {
                "DLSTextStyleName": "headingLarge",
                "font": "ABCSansNova-RoundedBold",
                "systemFontType": "bold",
                "pointSize": 41.0,
                "lineHeight": 45.0
            },
            {
                "DLSTextStyleName": "headingMedium",
                "font": "ABCSansNova-RoundedBold",
                "systemFontType": "bold",
                "pointSize": 31.0,
                "lineHeight": 36.0
            },
            {
                "DLSTextStyleName": "bodyCard",
                "font": "ABCSansNova-Rounded",
                "systemFontType": "regular",
                "pointSize": 20.0,
                "lineHeight": 31.0
            },
            {
                "DLSTextStyleName": "bodyCardBold",
                "font": "ABCSansNova-RoundedBold",
                "systemFontType": "bold",
                "pointSize": 22.0,
                "lineHeight": 26.0
            },
            {
                "DLSTextStyleName": "bodyCardBold",
                "font": "ABCSansNova-RoundedBold",
                "systemFontType": "bold",
                "pointSize": 21.0,
                "lineHeight": 31.0
            },
            {
                "DLSTextStyleName": "headingSmall",
                "font": "ABCSansNova-RoundedBold",
                "systemFontType": "bold",
                "pointSize": 28.0,
                "lineHeight": 31.0
            },
            {
                "DLSTextStyleName": "headingXSmall",
                "font": "ABCSansNova-RoundedBold",
                "systemFontType": "bold",
                "pointSize": 26.0,
                "lineHeight": 31.0
            },
            {
                "DLSTextStyleName": "lead",
                "font": "ABCSansNova-Rounded",
                "systemFontType": "regular",
                "pointSize": 36.0,
                "lineHeight": 46.0
            },
            {
                "DLSTextStyleName": "bodyBold",
                "font": "ABCSansNova-RoundedBold",
                "systemFontType": "bold",
                "pointSize": 21.0,
                "lineHeight": 24.0
            },
            {
                "DLSTextStyleName": "byline",
                "font": "ABCSansNova-Rounded",
                "systemFontType": "regular",
                "pointSize": 21.0,
                "lineHeight": 31.0
            },
            {
                "DLSTextStyleName": "quote",
                "font": "ABCSansNova-RoundedBold",
                "systemFontType": "bold",
                "pointSize": 36.0,
                "lineHeight": 46.0
            },
            {
                "DLSTextStyleName": "toolbar",
                "font": "ABCSansNova-Rounded",
                "systemFontType": "regular",
                "pointSize": 31.0,
                "lineHeight": 36.0
            },
            {
                "DLSTextStyleName": "utilityTime",
                "font": "ABCSansNova-Rounded",
                "systemFontType": "regular",
                "pointSize": 21.0,
                "lineHeight": 26.0,
                "letterSpacing": 1.5
            },
            {
                "DLSTextStyleName": "topicBottom",
                "font": "ABCSansNova-RoundedBold",
                "systemFontType": "bold",
                "pointSize": 21.0,
                "lineHeight": 31.0,
                "letterSpacing": 1.5
            }
        ]
    },
    {
        "sizeCategory": "AX1",
        "fontTable": [
            {
                "DLSTextStyleName": "headingXLarge",
                "font": "ABCSansNova-RoundedBold",
                "systemFontType": "bold",
                "pointSize": 53.0,
                "lineHeight": 69.0
            },
            {
                "DLSTextStyleName": "headingLarge",
                "font": "ABCSansNova-RoundedBold",
                "systemFontType": "bold",
                "pointSize": 43.0,
                "lineHeight": 47.0
            },
            {
                "DLSTextStyleName": "headingMedium",
                "font": "ABCSansNova-RoundedBold",
                "systemFontType": "bold",
                "pointSize": 33.0,
                "lineHeight": 38.0
            },
            {
                "DLSTextStyleName": "body",
                "font": "ABCSansNova-Rounded",
                "systemFontType": "regular",
                "pointSize": 28.0,
                "lineHeight": 38.0
            },
            {
                "DLSTextStyleName": "bodyCard",
                "font": "ABCSansNova-Rounded",
                "systemFontType": "regular",
                "pointSize": 22.0,
                "lineHeight": 33.0
            },
            {
                "DLSTextStyleName": "bodyCardBold",
                "font": "ABCSansNova-RoundedBold",
                "systemFontType": "bold",
                "pointSize": 24.0,
                "lineHeight": 28.0
            },
            {
                "DLSTextStyleName": "headingXSmall",
                "font": "ABCSansNova-RoundedBold",
                "systemFontType": "bold",
                "pointSize": 28.0,
                "lineHeight": 33.0
            },
            {
                "DLSTextStyleName": "lead",
                "font": "ABCSansNova-Rounded",
                "systemFontType": "regular",
                "pointSize": 38.0,
                "lineHeight": 48.0
            },
            {
                "DLSTextStyleName": "bodyBold",
                "font": "ABCSansNova-RoundedBold",
                "systemFontType": "bold",
                "pointSize": 23.0,
                "lineHeight": 26.0
            },
            {
                "DLSTextStyleName": "byline",
                "font": "ABCSansNova-Rounded",
                "systemFontType": "regular",
                "pointSize": 23.0,
                "lineHeight": 33.0
            },
            {
                "DLSTextStyleName": "quote",
                "font": "ABCSansNova-RoundedBold",
                "systemFontType": "bold",
                "pointSize": 38.0,
                "lineHeight": 48.0
            },
            {
                "DLSTextStyleName": "toolbar",
                "font": "ABCSansNova-Rounded",
                "systemFontType": "regular",
                "pointSize": 33.0,
                "lineHeight": 38.0
            },
            {
                "DLSTextStyleName": "utilityTime",
                "font": "ABCSansNova-Rounded",
                "systemFontType": "regular",
                "pointSize": 22.0,
                "lineHeight": 28.0,
                "letterSpacing": 1.5
            },
            {
                "DLSTextStyleName": "topicBottom",
                "font": "ABCSansNova-RoundedBold",
                "systemFontType": "bold",
                "pointSize": 23.0,
                "lineHeight": 33.0,
                "letterSpacing": 1.5
            }
        ]
    },
    {
        "sizeCategory": "AX2",
        "fontTable": [
            {
                "DLSTextStyleName": "headingXLarge",
                "font": "ABCSansNova-RoundedBold",
                "systemFontType": "bold",
                "pointSize": 55.0,
                "lineHeight": 71.0
            },
            {
                "DLSTextStyleName": "headingLarge",
                "font": "ABCSansNova-RoundedBold",
                "systemFontType": "bold",
                "pointSize": 45.0,
                "lineHeight": 49.0
            },
            {
                "DLSTextStyleName": "headingMedium",
                "font": "ABCSansNova-RoundedBold",
                "systemFontType": "bold",
                "pointSize": 36.0,
                "lineHeight": 40.0
            },
            {
                "DLSTextStyleName": "body",
                "font": "ABCSansNova-Rounded",
                "systemFontType": "regular",
                "pointSize": 30.0,
                "lineHeight": 40.0
            },
            {
                "DLSTextStyleName": "bodyCard",
                "font": "ABCSansNova-Rounded",
                "systemFontType": "regular",
                "pointSize": 24.0,
                "lineHeight": 35.0
            },
            {
                "DLSTextStyleName": "bodyCardBold",
                "font": "ABCSansNova-RoundedBold",
                "systemFontType": "bold",
                "pointSize": 26.0,
                "lineHeight": 30.0
            },
            {
                "DLSTextStyleName": "headingXSmall",
                "font": "ABCSansNova-RoundedBold",
                "systemFontType": "bold",
                "pointSize": 30.0,
                "lineHeight": 35.0
            },
            {
                "DLSTextStyleName": "lead",
                "font": "ABCSansNova-Rounded",
                "systemFontType": "regular",
                "pointSize": 40.0,
                "lineHeight": 50.0
            },
            {
                "DLSTextStyleName": "bodyBold",
                "font": "ABCSansNova-RoundedBold",
                "systemFontType": "bold",
                "pointSize": 25.0,
                "lineHeight": 28.0
            },
            {
                "DLSTextStyleName": "byline",
                "font": "ABCSansNova-Rounded",
                "systemFontType": "regular",
                "pointSize": 25.0,
                "lineHeight": 35.0
            },
            {
                "DLSTextStyleName": "quote",
                "font": "ABCSansNova-RoundedBold",
                "systemFontType": "bold",
                "pointSize": 40.0,
                "lineHeight": 50.0
            },
            {
                "DLSTextStyleName": "toolbar",
                "font": "ABCSansNova-Rounded",
                "systemFontType": "regular",
                "pointSize": 35.0,
                "lineHeight": 40.0
            },
            {
                "DLSTextStyleName": "utilityTime",
                "font": "ABCSansNova-Rounded",
                "systemFontType": "regular",
                "pointSize": 24.0,
                "lineHeight": 30.0,
                "letterSpacing": 1.5
            },
            {
                "DLSTextStyleName": "topicBottom",
                "font": "ABCSansNova-RoundedBold",
                "systemFontType": "bold",
                "pointSize": 25.0,
                "lineHeight": 35.0,
                "letterSpacing": 1.5
            }
        ]
    },
    {
        "sizeCategory": "AX3",
        "fontTable": [
            {
                "DLSTextStyleName": "headingXLarge",
                "font": "ABCSansNova-RoundedBold",
                "systemFontType": "bold",
                "pointSize": 57.0,
                "lineHeight": 73.0
            },
            {
                "DLSTextStyleName": "headingLarge",
                "font": "ABCSansNova-RoundedBold",
                "systemFontType": "bold",
                "pointSize": 47.0,
                "lineHeight": 51.0
            },
            {
                "DLSTextStyleName": "headingMedium",
                "font": "ABCSansNova-RoundedBold",
                "systemFontType": "bold",
                "pointSize": 37.0,
                "lineHeight": 42.0
            },
            {
                "DLSTextStyleName": "body",
                "font": "ABCSansNova-Rounded",
                "systemFontType": "regular",
                "pointSize": 32.0,
                "lineHeight": 42.0
            },
            {
                "DLSTextStyleName": "bodyCard",
                "font": "ABCSansNova-Rounded",
                "systemFontType": "regular",
                "pointSize": 26.0,
                "lineHeight": 37.0
            },
            {
                "DLSTextStyleName": "bodyCardBold",
                "font": "ABCSansNova-RoundedBold",
                "systemFontType": "bold",
                "pointSize": 28.0,
                "lineHeight": 32.0
            },
            {
                "DLSTextStyleName": "headingSmall",
                "font": "ABCSansNova-RoundedBold",
                "systemFontType": "bold",
                "pointSize": 35.0,
                "lineHeight": 37.0
            },
            {
                "DLSTextStyleName": "headingXSmall",
                "font": "ABCSansNova-RoundedBold",
                "systemFontType": "bold",
                "pointSize": 32.0,
                "lineHeight": 37.0
            },
            {
                "DLSTextStyleName": "lead",
                "font": "ABCSansNova-Rounded",
                "systemFontType": "regular",
                "pointSize": 42.0,
                "lineHeight": 52.0
            },
            {
                "DLSTextStyleName": "body",
                "font": "ABCSansNova-Rounded",
                "systemFontType": "regular",
                "pointSize": 32.0,
                "lineHeight": 42.0
            },
            {
                "DLSTextStyleName": "bodyBold",
                "font": "ABCSansNova-RoundedBold",
                "systemFontType": "bold",
                "pointSize": 27.0,
                "lineHeight": 30.0
            },
            {
                "DLSTextStyleName": "bodyCardBold",
                "font": "ABCSansNova-RoundedBold",
                "systemFontType": "bold",
                "pointSize": 30.0,
                "lineHeight": 32.0
            },
            {
                "DLSTextStyleName": "bodyCard",
                "font": "ABCSansNova-Rounded",
                "systemFontType": "regular",
                "pointSize": 28.0,
                "lineHeight": 32.0
            },
            {
                "DLSTextStyleName": "byline",
                "font": "ABCSansNova-Rounded",
                "systemFontType": "regular",
                "pointSize": 27.0,
                "lineHeight": 37.0
            },
            {
                "DLSTextStyleName": "quote",
                "font": "ABCSansNova-RoundedBold",
                "systemFontType": "bold",
                "pointSize": 42.0,
                "lineHeight": 52.0
            },
            {
                "DLSTextStyleName": "toolbar",
                "font": "ABCSansNova-Rounded",
                "systemFontType": "regular",
                "pointSize": 37.0,
                "lineHeight": 42.0
            },
            {
                "DLSTextStyleName": "utilityTime",
                "font": "ABCSansNova-Rounded",
                "systemFontType": "regular",
                "pointSize": 26.0,
                "lineHeight": 32.0,
                "letterSpacing": 1.5
            },
            {
                "DLSTextStyleName": "topicBottom",
                "font": "ABCSansNova-RoundedBold",
                "systemFontType": "bold",
                "pointSize": 27.0,
                "lineHeight": 37.0,
                "letterSpacing": 1.5
            }
        ]
    },
    {
        "sizeCategory": "AX4",
        "fontTable": [
            {
                "DLSTextStyleName": "headingXLarge",
                "font": "ABCSansNova-RoundedBold",
                "systemFontType": "bold",
                "pointSize": 59.0,
                "lineHeight": 75.0
            },
            {
                "DLSTextStyleName": "headingLarge",
                "font": "ABCSansNova-RoundedBold",
                "systemFontType": "bold",
                "pointSize": 49.0,
                "lineHeight": 53.0
            },
            {
                "DLSTextStyleName": "headingMedium",
                "font": "ABCSansNova-RoundedBold",
                "systemFontType": "bold",
                "pointSize": 39.0,
                "lineHeight": 43.0
            },
            {
                "DLSTextStyleName": "body",
                "font": "ABCSansNova-Rounded",
                "systemFontType": "regular",
                "pointSize": 34.0,
                "lineHeight": 44.0
            },
            {
                "DLSTextStyleName": "bodyCard",
                "font": "ABCSansNova-Rounded",
                "systemFontType": "regular",
                "pointSize": 28.0,
                "lineHeight": 39.0
            },
            {
                "DLSTextStyleName": "bodyCardBold",
                "font": "ABCSansNova-RoundedBold",
                "systemFontType": "bold",
                "pointSize": 30.0,
                "lineHeight": 34.0
            },
            {
                "DLSTextStyleName": "headingSmall",
                "font": "ABCSansNova-RoundedBold",
                "systemFontType": "bold",
                "pointSize": 37.0,
                "lineHeight": 39.0
            },
            {
                "DLSTextStyleName": "headingXSmall",
                "font": "ABCSansNova-RoundedBold",
                "systemFontType": "bold",
                "pointSize": 34.0,
                "lineHeight": 39.0
            },
            {
                "DLSTextStyleName": "lead",
                "font": "ABCSansNova-Rounded",
                "systemFontType": "regular",
                "pointSize": 44.0,
                "lineHeight": 54.0
            },
            {
                "DLSTextStyleName": "bodyBold",
                "font": "ABCSansNova-RoundedBold",
                "systemFontType": "bold",
                "pointSize": 29.0,
                "lineHeight": 31.0
            },
            {
                "DLSTextStyleName": "byline",
                "font": "ABCSansNova-Rounded",
                "systemFontType": "regular",
                "pointSize": 29.0,
                "lineHeight": 39.0
            },
            {
                "DLSTextStyleName": "quote",
                "font": "ABCSansNova-RoundedBold",
                "systemFontType": "bold",
                "pointSize": 44.0,
                "lineHeight": 54.0
            },
            {
                "DLSTextStyleName": "toolbar",
                "font": "ABCSansNova-Rounded",
                "systemFontType": "regular",
                "pointSize": 39.0,
                "lineHeight": 44.0
            },
            {
                "DLSTextStyleName": "utilityTime",
                "font": "ABCSansNova-Rounded",
                "systemFontType": "regular",
                "pointSize": 28.0,
                "lineHeight": 34.0,
                "letterSpacing": 1.5
            },
            {
                "DLSTextStyleName": "topicBottom",
                "font": "ABCSansNova-RoundedBold",
                "systemFontType": "bold",
                "pointSize": 29.0,
                "lineHeight": 39.0,
                "letterSpacing": 1.5
            }
        ]
    },
    {
        "sizeCategory": "AX5",
        "fontTable": [
            {
                "DLSTextStyleName": "headingXLarge",
                "font": "ABCSansNova-RoundedBold",
                "systemFontType": "bold",
                "pointSize": 59.0,
                "lineHeight": 75.0
            },
            {
                "DLSTextStyleName": "headingLarge",
                "font": "ABCSansNova-RoundedBold",
                "systemFontType": "bold",
                "pointSize": 49.0,
                "lineHeight": 55.0
            },
            {
                "DLSTextStyleName": "headingMedium",
                "font": "ABCSansNova-RoundedBold",
                "systemFontType": "bold",
                "pointSize": 39.0,
                "lineHeight": 43.0
            },
            {
                "DLSTextStyleName": "body",
                "font": "ABCSansNova-Rounded",
                "systemFontType": "regular",
                "pointSize": 34.0,
                "lineHeight": 44.0
            },
            {
                "DLSTextStyleName": "bodyCard",
                "font": "ABCSansNova-Rounded",
                "systemFontType": "regular",
                "pointSize": 30.0,
                "lineHeight": 41.0
            },
            {
                "DLSTextStyleName": "bodyCardBold",
                "font": "ABCSansNova-RoundedBold",
                "systemFontType": "bold",
                "pointSize": 32.0,
                "lineHeight": 36.0
            },
            {
                "DLSTextStyleName": "headingSmall",
                "font": "ABCSansNova-RoundedBold",
                "systemFontType": "bold",
                "pointSize": 39.0,
                "lineHeight": 41.0
            },
            {
                "DLSTextStyleName": "headingXSmall",
                "font": "ABCSansNova-RoundedBold",
                "systemFontType": "bold",
                "pointSize": 36.0,
                "lineHeight": 41.0
            },
            {
                "DLSTextStyleName": "lead",
                "font": "ABCSansNova-Rounded",
                "systemFontType": "regular",
                "pointSize": 46.0,
                "lineHeight": 56.0
            },
            
            {
                "DLSTextStyleName": "bodyBold",
                "font": "ABCSansNova-RoundedBold",
                "systemFontType": "bold",
                "pointSize": 31.0,
                "lineHeight": 33.0
            },
            {
                "DLSTextStyleName": "byline",
                "font": "ABCSansNova-Rounded",
                "systemFontType": "regular",
                "pointSize": 31.0,
                "lineHeight": 41.0
            },
            {
                "DLSTextStyleName": "quote",
                "font": "ABCSansNova-RoundedBold",
                "systemFontType": "bold",
                "pointSize": 46.0,
                "lineHeight": 56.0
            },
            {
                "DLSTextStyleName": "toolbar",
                "font": "ABCSansNova-Rounded",
                "systemFontType": "regular",
                "pointSize": 41.0,
                "lineHeight": 46.0
            },
            {
                "DLSTextStyleName": "utilityTime",
                "font": "ABCSansNova-Rounded",
                "systemFontType": "regular",
                "pointSize": 31.0,
                "lineHeight": 36.0,
                "letterSpacing": 1.5
            },
            {
                "DLSTextStyleName": "topicBottom",
                "font": "ABCSansNova-RoundedBold",
                "systemFontType": "bold",
                "pointSize": 31.0,
                "lineHeight": 41.0,
                "letterSpacing": 1.5
            }
        ]
    }
]
