{
    "event_name":"Play",
    "Definition": "Occurs when a user initiates playback of a video / audio stream or an on-demand video / audio clip for the first time",
    "targets" : [
        {
            "toolName": "GA",
            "parameters": [
                {
                    "name": "",
                    "friendlyName": "a_environment",
                    "type": "string",
                    "mandatory": true
                },
                {
                    "name": "cd20",
                    "friendlyName": "a_platform",
                    "type": "string",
                    "mandatory": true
                },
                {
                    "name": "cd21",
                    "friendlyName": "a_generatorname",
                    "type": "string",
                    "mandatory": false
                },
                {
                    "name": "",
                    "friendlyName": "a_brand",
                    "type": "string",
                    "mandatory": false
                },
                {
                    "name": "cd19",
                    "friendlyName": "u_timezone",
                    "type": "string",
                    "mandatory": true
                },
                {
                    "name": "",
                    "friendlyName": "u_p_captionsenabled",
                    "type": "string",
                    "mandatory": false
                },
                {
                    "name": "",
                    "friendlyName": "u_p_castenabled",
                    "type": "string",
                    "mandatory": false
                },
                {
                    "name": "cd75",
                    "friendlyName": "d_classification",
                    "type": "string",
                    "mandatory": false
                },
                {
                    "name": "cd32",
                    "friendlyName": "e_screentype",
                    "type": "string",
                    "mandatory": true
                },
                {
                    "name": "cd22",
                    "friendlyName": "d_canonicalurl",
                    "type": "string",
                    "mandatory": true
                },
                {
                    "name": "cd23",
                    "friendlyName": "d_contenttype",
                    "type": "string",
                    "mandatory": true
                },
                {
                    "name": "cm8",
                    "friendlyName": "e_elapsedseconds",
                    "type": "int",
                    "mandatory": true
                },
                {
                    "name": "",
                    "friendlyName": "e_elapsedPercentage",
                    "type": "int",
                    "mandatory": false
                },
                {
                    "name": "cd29",
                    "friendlyName": "e_trigger",
                    "type": "string",
                    "mandatory": false
                },
                {
                    "name": "cd24",
                    "friendlyName": "e_source",
                    "type": "string",
                    "mandatory": false
                },
                {
                    "name": "cd24",
                    "friendlyName": "d_contentsource",
                    "type": "string",
                    "mandatory": true
                },
                {
                    "name": "cm4",
                    "friendlyName": "d_mediaduration",
                    "type": "int",
                    "mandatory": true
                },
                {
                    "name": "cd88",
                    "friendlyName": "d_videotype",
                    "type": "string",
                    "mandatory": true
                },
                {
                    "name": "cd30",
                    "friendlyName": "d_streamtype",
                    "type": "string",
                    "mandatory": true
                },
                {
                    "name": "cd28",
                    "friendlyName": "d_id",
                    "type": "string",
                    "mandatory": true
                },
                {
                    "name": "",
                    "friendlyName": "e_uri",
                    "type": "string",
                    "mandatory": true
                },
                {
                    "name": "cd92",
                    "friendlyName": "e_captionsdisplayed",
                    "type": "string",
                    "mandatory": true
                },
                {
                    "name": "cd91",
                    "friendlyName": "d_captionsavailable",
                    "type": "string",
                    "mandatory": true
                },
                {
                    "name": "cd75",
                    "friendlyName": "d_classification",
                    "type": "string",
                    "mandatory": true
                },
                {
                    "name": "cd73",
                    "friendlyName": "d_title_title",
                    "type": "string",
                    "mandatory": true
                },
                {
                    "name": "cd70",
                    "friendlyName": "d_program_name",
                    "type": "string",
                    "mandatory": true
                },
                {
                    "name": "cd84",
                    "friendlyName": "d_program_id",
                    "type": "string",
                    "mandatory": true
                },
                {
                    "name": "cd71",
                    "friendlyName": "d_series_name",
                    "type": "string",
                    "mandatory": true
                },
                {
                    "name": "cd85",
                    "friendlyName": "d_series_id",
                    "type": "string",
                    "mandatory": true
                },
                {
                    "name": "cd73",
                    "friendlyName": "d_episode_name",
                    "type": "string",
                    "mandatory": true
                },
                {
                    "name": "cd86",
                    "friendlyName": "d_episode_id",
                    "type": "string",
                    "mandatory": true
                },
                {
                    "name": "cd33",
                    "friendlyName": "d_uri",
                    "type": "string",
                    "mandatory": true
                },
                {
                    "name": "cd11",
                    "friendlyName": "u_userid",
                    "type": "string",
                    "mandatory": false
                }
            ]
        }
    ]
}
