{
    "event_name":"Play",
    "Definition": "Occurs when a user initiates playback of a video / audio stream or an on-demand video / audio clip for the first time",
    "targets" : [
        {
            "toolName": "GA",
            "parameters": [
                {
                    "name": "e_screentype",
                    "type": "string",
                    "mandatory": false
                },
                {
                    "name": "e_canonicalUrl",
                    "type": "string",
                    "mandatory": false
                },
                {
                    "name": "e_contentType",
                    "type": "string",
                    "mandatory": false
                },
                {
                    "name": "e_elapsedseconds",
                    "type": "string",
                    "mandatory": false
                },
                {
                    "name": "e_trigger",
                    "type": "string",
                    "mandatory": false
                },
                {
                    "name": " e_source",
                    "type": "string",
                    "mandatory": false
                },
                {
                    "name": "e_streamType",
                    "type": "string",
                    "mandatory": false
                }
            ]
        }
    ]
}
