{
    "event_name":"Screenview",
    "Definition": "A program in iview that consists of one or more series and one or more videos.",
    "targets" : [
        {
            "toolName": "GA",
            "parameters": [
                {
                    "name": "cd25",
                    "friendlyName": "d_title_title",
                    "type": "string",
                    "mandatory": true
                },
                {
                    "name": "cd22",
                    "friendlyName": "d_canonicalurl",
                    "type": "string",
                    "mandatory": true
                },
                {
                    "name": "cd33",
                    "friendlyName": "d_uri",
                    "type": "string",
                    "mandatory": true
                },
                {
                    "name": "cd32",
                    "friendlyName": "d_screentype",
                    "type": "string",
                    "mandatory": true
                },
                {
                    "name": "cd70",
                    "friendlyName": "d_program_name",
                    "type": "string",
                    "mandatory": true
                },
                {
                    "name": "cd84",
                    "friendlyName": "d_program_id",
                    "type": "string",
                    "mandatory": true
                },
                {
                    "name": "cd70",
                    "friendlyName": "d_program_name",
                    "type": "string",
                    "mandatory": true
                },
                {
                    "name": "cd84",
                    "friendlyName": "d_program_id",
                    "type": "string",
                    "mandatory": true
                },
                {
                    "name": "cd23",
                    "friendlyName": "d_contenttype",
                    "type": "string",
                    "mandatory": true
                },
                {
                    "name": "cd28",
                    "friendlyName": "d_id",
                    "type": "string",
                    "mandatory": true
                },
                {
                    "name": "cd11",
                    "friendlyName": "u_userid",
                    "type": "string",
                    "mandatory": true
                },
                {
                    "name": "cd8",
                    "friendlyName": "u_sp_type",
                    "type": "string",
                    "mandatory": false
                },
                {
                    "name": "cd9",
                    "friendlyName": "u_subprofilestotalcount",
                    "type": "string",
                    "mandatory": false
                },
                {
                    "name": "cd12",
                    "friendlyName": "u_userid",
                    "type": "string",
                    "mandatory": true
                },
                {
                    "name": "cd13",
                    "friendlyName": "u_userid",
                    "type": "string",
                    "mandatory": true
                },
                {
                    "name": "cd10",
                    "friendlyName": "u_accounttype",
                    "type": "string",
                    "mandatory": true
                }
            ]}
    ]
}
