{
    "event_name":"Share",
    "Definition": "When a share button is clicked",
    "targets" : [
        {
            "toolName": "GA",
            "parameters": [
                {
                    "name": "e_socialNetwork",
                    "type": "string",
                    "mandatory": true
                },
                {
                    "name": "e_target",
                    "type": "string",
                    "mandatory": true
                },
                {
                    "name": "d_id",
                    "type": "string",
                    "mandatory": true
                },
                {
                    "name": "d_contentsource",
                    "type": "string",
                    "mandatory": false
                },
                {
                    "name": "d_contenttype",
                    "type": "string",
                    "mandatory": false
                },
                {
                    "name": "d_uri",
                    "type": "string",
                    "mandatory": true
                },
                {
                    "name": "d_program_name",
                    "type": "string",
                    "mandatory": true
                },
                {
                    "name": "d_program_id",
                    "type": "string",
                    "mandatory": true
                },
                {
                    "name": "d_series_name",
                    "type": "string",
                    "mandatory": false
                },
                {
                    "name": "d_series_id",
                    "type": "string",
                    "mandatory": true
                },
                {
                    "name": "d_episode_name",
                    "type": "string",
                    "mandatory": true
                },
                {
                    "name": "d_episode_id",
                    "type": "string",
                    "mandatory": true
                },
                {
                    "name": "d_language",
                    "type": "string",
                    "mandatory": true
                },
                {
                    "name": "d_canonicalurl",
                    "type": "string",
                    "mandatory": true
                },
                {
                    "name": "d_mediaduration",
                    "type": "string",
                    "mandatory": true
                },
                {
                    "name": "d_streamtype",
                    "type": "string",
                    "mandatory": true
                },
                {
                    "name": "cd11",
                    "friendlyName": "u_userid",
                    "type": "string",
                    "mandatory": true
                },
                {
                    "name": "cd8",
                    "friendlyName": "u_sp_type",
                    "type": "string",
                    "mandatory": false
                },
                {
                    "name": "cd9",
                    "friendlyName": "u_subprofilestotalcount",
                    "type": "string",
                    "mandatory": false
                },
                {
                    "name": "cd12",
                    "friendlyName": "u_userid",
                    "type": "string",
                    "mandatory": true
                },
                {
                    "name": "cd13",
                    "friendlyName": "u_userid",
                    "type": "string",
                    "mandatory": true
                },
                {
                    "name": "cd10",
                    "friendlyName": "u_accounttype",
                    "type": "string",
                    "mandatory": true
                }
            ]},
        {
            "toolName": "Snowplow",
            "parameters": [
                {
                    "name": "se_ca",
                    "type": "string",
                    "mandatory": true
                },
                {
                    "name": "se_ac",
                    "type": "string",
                    "mandatory": true
                },
                {
                    "name": "se_la",
                    "type": "string",
                    "mandatory": true
                },
                {
                    "name": "se_pr",
                    "type": "string",
                    "mandatory": true
                },
                {
                    "name": "se_va",
                    "type": "decimal",
                    "mandatory": true
                }]
        }
    ]
}





