{"v":"5.6.6","fr":60,"ip":0,"op":601,"w":200,"h":200,"nm":"play-NB-idle","ddd":0,"assets":[{"id":"comp_0","layers":[{"ddd":0,"ind":1,"ty":4,"nm":"blob 2","sr":1,"ks":{"o":{"a":0,"k":100,"ix":11},"r":{"a":1,"k":[{"i":{"x":[0.833],"y":[0.833]},"o":{"x":[0.167],"y":[0.167]},"t":0,"s":[0]},{"t":600,"s":[359]}],"ix":10,"x":"var $bm_rt;\n$bm_rt = transform.rotation;"},"p":{"a":0,"k":[425,425,0],"ix":2},"a":{"a":0,"k":[4.539,-39.469,0],"ix":1},"s":{"a":0,"k":[97.752,100,100],"ix":6}},"ao":0,"ef":[{"ty":25,"nm":"Drop Shadow","np":8,"mn":"ADBE Drop Shadow","ix":1,"en":1,"ef":[{"ty":2,"nm":"Shadow Color","mn":"ADBE Drop Shadow-0001","ix":1,"v":{"a":0,"k":[0,0,0,0.20000000298],"ix":1}},{"ty":0,"nm":"Opacity","mn":"ADBE Drop Shadow-0002","ix":2,"v":{"a":0,"k":51,"ix":2}},{"ty":0,"nm":"Direction","mn":"ADBE Drop Shadow-0003","ix":3,"v":{"a":0,"k":180,"ix":3}},{"ty":0,"nm":"Distance","mn":"ADBE Drop Shadow-0004","ix":4,"v":{"a":0,"k":0,"ix":4}},{"ty":0,"nm":"Softness","mn":"ADBE Drop Shadow-0005","ix":5,"v":{"a":0,"k":50,"ix":5}},{"ty":7,"nm":"Shadow Only","mn":"ADBE Drop Shadow-0006","ix":6,"v":{"a":0,"k":0,"ix":6}}]}],"shapes":[{"ty":"gr","it":[{"ty":"fl","c":{"a":0,"k":[0.960784313725,0.698039215686,0.090196078431,1],"ix":4},"o":{"a":0,"k":100,"ix":5},"r":1,"bm":0,"nm":"Fill 1","mn":"ADBE Vector Graphic - Fill","hd":false},{"ty":"tr","p":{"a":0,"k":[0,0],"ix":2},"a":{"a":0,"k":[0,0],"ix":1},"s":{"a":0,"k":[100,100],"ix":3},"r":{"a":0,"k":0,"ix":6},"o":{"a":0,"k":100,"ix":7},"sk":{"a":0,"k":0,"ix":4},"sa":{"a":0,"k":0,"ix":5},"nm":"Transform"}],"nm":"Shape 1","np":2,"cix":2,"bm":0,"ix":1,"mn":"ADBE Vector Group","hd":false},{"ty":"gr","it":[{"ind":0,"ty":"sh","ix":1,"ks":{"a":1,"k":[{"i":{"x":0.833,"y":0.833},"o":{"x":0.167,"y":0.167},"t":0,"s":[{"i":[[-176.18,-13.673],[0,-176.709],[176.71,0],[0,176.71]],"o":[[167,12.961],[0,176.71],[-176.71,0],[0,-176.709]],"v":[[0,-319.961],[333.961,0.469],[0,319.961],[-305.961,0.469]],"c":true}]},{"i":{"x":0.833,"y":0.833},"o":{"x":0.167,"y":0.167},"t":156,"s":[{"i":[[-176.18,-13.673],[25.395,-176.469],[176.71,0],[0,176.71]],"o":[[167,12.961],[-25.17,174.908],[-176.71,0],[0,-176.709]],"v":[[12.608,-299.978],[318.946,0.469],[0,332.961],[-335.33,-6.599]],"c":true}]},{"i":{"x":0.833,"y":0.833},"o":{"x":0.167,"y":0.167},"t":299,"s":[{"i":[[-177.214,-5.753],[-18.523,-177.467],[177.175,-12.649],[-10.942,176.37]],"o":[[167.414,5.435],[18.301,175.35],[-176.26,12.584],[11.36,-183.097]],"v":[[11.574,-329.209],[323.892,0.469],[5.996,319.694],[-296.287,-4.549]],"c":true}]},{"i":{"x":0.833,"y":0.833},"o":{"x":0.167,"y":0.167},"t":450.875,"s":[{"i":[[-176.693,-9.739],[32.571,-174.309],[176.94,-6.283],[-5.435,176.541]],"o":[[167.206,9.223],[-31.679,169.531],[-176.486,6.25],[5.642,-179.882]],"v":[[9.492,-319.672],[322.967,6.469],[8.984,309.817],[-320.294,-2.189]],"c":true}]},{"t":600,"s":[{"i":[[-176.18,-13.673],[0,-176.709],[176.71,0],[0,176.71]],"o":[[167,12.961],[0,176.71],[-176.71,0],[0,-176.709]],"v":[[0,-319.961],[333.961,0.469],[0,319.961],[-305.961,0.469]],"c":true}]}],"ix":2},"nm":"Path 1","mn":"ADBE Vector Shape - Group","hd":false},{"ty":"fl","c":{"a":0,"k":[0.960784313725,0.698039215686,0.090196078431,1],"ix":4},"o":{"a":0,"k":100,"ix":5},"r":1,"bm":0,"nm":"Fill 1","mn":"ADBE Vector Graphic - Fill","hd":false},{"ty":"tr","p":{"a":0,"k":[4.539,-39.469],"ix":2},"a":{"a":0,"k":[0,0],"ix":1},"s":{"a":0,"k":[99.901,100],"ix":3},"r":{"a":0,"k":0,"ix":6},"o":{"a":0,"k":100,"ix":7},"sk":{"a":0,"k":0,"ix":4},"sa":{"a":0,"k":0,"ix":5},"nm":"Transform"}],"nm":"Ellipse 1","np":3,"cix":2,"bm":0,"ix":2,"mn":"ADBE Vector Group","hd":false}],"ip":0,"op":606,"st":0,"bm":0}]}],"layers":[{"ddd":0,"ind":1,"ty":4,"nm":"ic-play","sr":1,"ks":{"o":{"a":0,"k":100,"ix":11},"r":{"a":0,"k":0,"ix":10},"p":{"a":0,"k":[106.5,101,0],"ix":2},"a":{"a":0,"k":[0,0,0],"ix":1},"s":{"a":0,"k":[100,100,100],"ix":6}},"ao":0,"shapes":[{"ty":"gr","it":[{"ind":0,"ty":"sh","ix":1,"ks":{"a":0,"k":{"i":[[0,-1.98],[0,0],[-1.65,1.07],[0,0],[1.53,1],[0,0]],"o":[[0,0],[0,1.98],[0,0],[1.53,-0.98],[0,0],[-1.65,-1.07]],"v":[[-12.5,-12.99],[-12.5,12.99],[-8.71,15.1],[11.35,2.11],[11.35,-2.13],[-8.71,-15.1]],"c":true},"ix":2},"nm":"Path 1","mn":"ADBE Vector Shape - Group","hd":false},{"ty":"fl","c":{"a":0,"k":[0,0,0,1],"ix":4},"o":{"a":0,"k":100,"ix":5},"r":1,"bm":0,"nm":"Fill 1","mn":"ADBE Vector Graphic - Fill","hd":false},{"ty":"tr","p":{"a":0,"k":[0,0],"ix":2},"a":{"a":0,"k":[0,0],"ix":1},"s":{"a":0,"k":[200,200],"ix":3},"r":{"a":0,"k":0,"ix":6},"o":{"a":0,"k":100,"ix":7},"sk":{"a":0,"k":0,"ix":4},"sa":{"a":0,"k":0,"ix":5},"nm":"Transform"}],"nm":"ic-play","np":2,"cix":2,"bm":0,"ix":1,"mn":"ADBE Vector Group","hd":false}],"ip":0,"op":626,"st":0,"bm":0},{"ddd":0,"ind":3,"ty":0,"nm":"blob_looping_yellow","refId":"comp_0","sr":1,"ks":{"o":{"a":0,"k":100,"ix":11},"r":{"a":0,"k":0,"ix":10},"p":{"a":0,"k":[100,100,0],"ix":2},"a":{"a":0,"k":[425,425,0],"ix":1},"s":{"a":0,"k":[25,25,100],"ix":6}},"ao":0,"w":850,"h":850,"ip":0,"op":601,"st":0,"bm":0}],"markers":[{"tm":40,"cm":"1","dr":0},{"tm":120,"cm":"2","dr":0}]}