[
 {
 "sizeCategory": "xSmall",
 "fontTable": [
               {
               "DLSTextStyleName": "headingXLarge",
               "font": "ABCSansNova-Black",
               "pointSize": 29,
               "lineHeight": 37,
               "systemFontType": "bold"
               },
               {
               "DLSTextStyleName": "headingLarge",
               "font": "ABCSansNova-Black",
               "pointSize": 21,
               "lineHeight": 29,
               "systemFontType": "bold"
               },
               {
               "DLSTextStyleName": "lead",
               "font": "ABCSansNova-Regular",
               "pointSize": 21,
               "lineHeight": 29,
               "systemFontType": "regular"
               },
               {
               "DLSTextStyleName": "headingMedium",
               "font": "ABCSansNova-Black",
               "pointSize": 17,
               "lineHeight": 21,
               "systemFontType": "bold"
               },
               {
               "DLSTextStyleName": "headingSmall",
               "font": "ABCSansNova-Black",
               "pointSize": 15,
               "lineHeight": 21,
               "systemFontType": "bold"
               },
               {
               "DLSTextStyleName": "pullQuote",
               "font": "ABCSansNova-Italic",
               "pointSize": 15,
               "lineHeight": 25,
               "systemFontType": "regular"
               },
               {
               "DLSTextStyleName": "headingXSmall",
               "font": "ABCSansNova-Black",
               "pointSize": 13,
               "lineHeight": 21,
               "systemFontType": "bold"
               },
               {
               "DLSTextStyleName": "bodyLargeBold",
               "font": "ABCSansNova-Bold",
               "pointSize": 15,
               "lineHeight": 25,
               "systemFontType": "bold"
               },
               {
               "DLSTextStyleName": "toolbar",
               "font": "ABCSansNova-Bold",
               "pointSize": 13,
               "lineHeight": 17,
               "systemFontType": "bold"
               },
               {
               "DLSTextStyleName": "bodyBold",
               "font": "ABCSansNova-Bold",
               "pointSize": 13,
               "lineHeight": 21,
               "systemFontType": "bold"
               },
               {
               "DLSTextStyleName": "bodyLarge",
               "font": "ABCSansNova-Regular",
               "pointSize": 15,
               "lineHeight": 25,
               "systemFontType": "regular"
               },
               {
               "DLSTextStyleName": "body",
               "font": "ABCSansNova-Regular",
               "pointSize": 13,
               "lineHeight": 21,
               "systemFontType": "regular"
               },
               {
               "DLSTextStyleName": "inputFieldText",
               "font": "ABCSansNova-Regular",
               "pointSize": 13,
               "lineHeight": 21,
               "letterSpacing": 0.81,
               "systemFontType": "regular"
               },
               {
               "DLSTextStyleName": "bodyCardBold",
               "font": "ABCSansNova-Bold",
               "pointSize": 11,
               "lineHeight": 21,
               "systemFontType": "bold"
               },
               {
               "DLSTextStyleName": "bodyCard",
               "font": "ABCSansNova-Regular",
               "pointSize": 11,
               "lineHeight": 21,
               "systemFontType": "regular"
               },
               {
               "DLSTextStyleName": "navTitle",
               "font": "ABCSansNova-Bold",
               "pointSize": 17,
               "lineHeight": 17,
               "systemFontType": "bold"
               },
               {
               "DLSTextStyleName": "utility",
               "font": "ABCSansNova-Regular",
               "pointSize": 11,
               "lineHeight": 19,
               "letterSpacing": 1.38,
               "systemFontType": "regular"
               },
               {
               "DLSTextStyleName": "utilityHeading",
               "font": "ABCSansNova-Bold",
               "pointSize": 11,
               "lineHeight": 17,
               "letterSpacing": 1.5,
               "systemFontType": "bold"
               },
               {
               "DLSTextStyleName": "utilityAction",
               "font": "ABCSansNova-Regular",
               "pointSize": 11,
               "lineHeight": 12,
               "letterSpacing": 0,
               "systemFontType": "regular"
               },
               {
               "DLSTextStyleName": "inputFieldLabel",
               "font": "ABCSansNova-Regular",
               "pointSize": 11,
               "lineHeight": 19,
               "letterSpacing": 0.46,
               "systemFontType": "regular"
               },
               {
               "DLSTextStyleName": "topic",
               "font": "ABCSansNova-Bold",
               "pointSize": 11,
               "lineHeight": 23,
               "letterSpacing": 1.38,
               "systemFontType": "bold"
               },
               {
               "DLSTextStyleName": "button",
               "font": "ABCSansNova-Bold",
               "pointSize": 11,
               "lineHeight": 23,
               "letterSpacing": 1.83,
               "systemFontType": "bold"
               },
               {
               "DLSTextStyleName": "statusLabelSmall",
               "font": "ABCSansNova-Bold",
               "pointSize": 7,
               "lineHeight": 13,
               "letterSpacing": 1,
               "systemFontType": "bold"
               },
               {
               "DLSTextStyleName": "bodySmall",
               "font": "ABCSansNova-Regular",
               "pointSize": 11,
               "lineHeight": 19,
               "letterSpacing": 0.92,
               "systemFontType": "regular"
               },
               {
               "DLSTextStyleName": "closedCaptions",
               "font": "ABCSansNova-Regular",
               "pointSize": 13,
               "lineHeight": 29,
               "systemFontType": "regular"
               },
               {
               "DLSTextStyleName": "timecode",
               "font": "ABCSans-BoldTabNumbers",
               "pointSize": 12,
               "lineHeight": 16,
               "letterSpacing": 0.5,
               "systemFontType": "bold"
               },
               {
               "DLSTextStyleName": "weatherTopMax",
               "font": "ABCSansNova-Regular",
               "pointSize": 45,
               "lineHeight": 45,
               "systemFontType": "regular"
               },
               {
               "DLSTextStyleName": "weatherTopMin",
               "font": "ABCSansNova-Regular",
               "pointSize": 37,
               "lineHeight": 37,
               "systemFontType": "regular"
               },
               {
               "DLSTextStyleName": "headingXLargeCondensed",
               "font": "ABCSansNova-CondensedBold",
               "pointSize": 29,
               "lineHeight": 37,
               "systemFontType": "bold"
               },
               {
               "DLSTextStyleName": "headingLargeCondensed",
               "font": "ABCSansNova-CondensedBold",
               "pointSize": 21,
               "lineHeight": 29,
               "systemFontType": "bold"
               },
               {
               "DLSTextStyleName": "headingMediumCondensed",
               "font": "ABCSansNova-CondensedBold",
               "pointSize": 17,
               "lineHeight": 21,
               "systemFontType": "bold"
               },
               {
               "DLSTextStyleName": "headingSmallCondensed",
               "font": "ABCSansNova-CondensedBold",
               "pointSize": 15,
               "lineHeight": 21,
               "systemFontType": "bold"
               },
               {
               "DLSTextStyleName": "headingXSmallCondensed",
               "font": "ABCSansNova-CondensedBold",
               "pointSize": 13,
               "lineHeight": 21,
               "systemFontType": "bold"
               }
               ]
 },
 {
 "sizeCategory": "small",
 "fontTable": [
               {
               "DLSTextStyleName": "headingXLarge",
               "font": "ABCSansNova-Black",
               "pointSize": 30,
               "lineHeight": 38,
               "systemFontType": "bold"
               },
               {
               "DLSTextStyleName": "headingLarge",
               "font": "ABCSansNova-Black",
               "pointSize": 22,
               "lineHeight": 30,
               "systemFontType": "bold"
               },
               {
               "DLSTextStyleName": "lead",
               "font": "ABCSansNova-Regular",
               "pointSize": 22,
               "lineHeight": 30,
               "systemFontType": "regular"
               },
               {
               "DLSTextStyleName": "headingMedium",
               "font": "ABCSansNova-Black",
               "pointSize": 18,
               "lineHeight": 22,
               "systemFontType": "bold"
               },
               {
               "DLSTextStyleName": "headingSmall",
               "font": "ABCSansNova-Black",
               "pointSize": 16,
               "lineHeight": 22,
               "systemFontType": "bold"
               },
               {
               "DLSTextStyleName": "pullQuote",
               "font": "ABCSansNova-Italic",
               "pointSize": 16,
               "lineHeight": 26,
               "systemFontType": "regular"
               },
               {
               "DLSTextStyleName": "headingXSmall",
               "font": "ABCSansNova-Black",
               "pointSize": 14,
               "lineHeight": 22,
               "systemFontType": "bold"
               },
               {
               "DLSTextStyleName": "bodyLargeBold",
               "font": "ABCSansNova-Bold",
               "pointSize": 16,
               "lineHeight": 26,
               "systemFontType": "bold"
               },
               {
               "DLSTextStyleName": "toolbar",
               "font": "ABCSansNova-Bold",
               "pointSize": 14,
               "lineHeight": 18,
               "systemFontType": "bold"
               },
               {
               "DLSTextStyleName": "bodyBold",
               "font": "ABCSansNova-Bold",
               "pointSize": 14,
               "lineHeight": 22,
               "systemFontType": "bold"
               },
               {
               "DLSTextStyleName": "bodyLarge",
               "font": "ABCSansNova-Regular",
               "pointSize": 16,
               "lineHeight": 26,
               "systemFontType": "regular"
               },
               {
               "DLSTextStyleName": "body",
               "font": "ABCSansNova-Regular",
               "pointSize": 14,
               "lineHeight": 22,
               "systemFontType": "regular"
               },
               {
               "DLSTextStyleName": "inputFieldText",
               "font": "ABCSansNova-Regular",
               "pointSize": 14,
               "lineHeight": 22,
               "letterSpacing": 0.88,
               "systemFontType": "regular"
               },
               {
               "DLSTextStyleName": "bodyCardBold",
               "font": "ABCSansNova-Bold",
               "pointSize": 12,
               "lineHeight": 22,
               "systemFontType": "bold"
               },
               {
               "DLSTextStyleName": "bodyCard",
               "font": "ABCSansNova-Regular",
               "pointSize": 12,
               "lineHeight": 22,
               "systemFontType": "regular"
               },
               {
               "DLSTextStyleName": "navTitle",
               "font": "ABCSansNova-Bold",
               "pointSize": 18,
               "lineHeight": 18,
               "systemFontType": "bold"
               },
               {
               "DLSTextStyleName": "utility",
               "font": "ABCSansNova-Regular",
               "pointSize": 11,
               "lineHeight": 19,
               "letterSpacing": 1.38,
               "systemFontType": "regular"
               },
               {
               "DLSTextStyleName": "utilityHeading",
               "font": "ABCSansNova-Bold",
               "pointSize": 12,
               "lineHeight": 18,
               "letterSpacing": 1.5,
               "systemFontType": "bold"
               },
               {
               "DLSTextStyleName": "utilityAction",
               "font": "ABCSansNova-Regular",
               "pointSize": 11,
               "lineHeight": 12,
               "letterSpacing": 0,
               "systemFontType": "regular"
               },
               {
               "DLSTextStyleName": "inputFieldLabel",
               "font": "ABCSansNova-Regular",
               "pointSize": 11,
               "lineHeight": 19,
               "letterSpacing": 0.46,
               "systemFontType": "regular"
               },
               {
               "DLSTextStyleName": "topic",
               "font": "ABCSansNova-Bold",
               "pointSize": 11,
               "lineHeight": 23,
               "letterSpacing": 1.38,
               "systemFontType": "bold"
               },
               {
               "DLSTextStyleName": "button",
               "font": "ABCSansNova-Bold",
               "pointSize": 11,
               "lineHeight": 23,
               "letterSpacing": 1.83,
               "systemFontType": "bold"
               },
               {
               "DLSTextStyleName": "statusLabelSmall",
               "font": "ABCSansNova-Bold",
               "pointSize": 8,
               "lineHeight": 14,
               "letterSpacing": 1,
               "systemFontType": "bold"
               },
               {
               "DLSTextStyleName": "bodySmall",
               "font": "ABCSansNova-Regular",
               "pointSize": 11,
               "lineHeight": 19,
               "letterSpacing": 0.92,
               "systemFontType": "regular"
               },
               {
               "DLSTextStyleName": "closedCaptions",
               "font": "ABCSansNova-Regular",
               "pointSize": 14,
               "lineHeight": 30,
               "systemFontType": "regular"
               },
               {
               "DLSTextStyleName": "timecode",
               "font": "ABCSans-BoldTabNumbers",
               "pointSize": 12,
               "lineHeight": 16,
               "letterSpacing": 0.5,
               "systemFontType": "bold"
               },
               {
               "DLSTextStyleName": "weatherTopMax",
               "font": "ABCSansNova-Regular",
               "pointSize": 46,
               "lineHeight": 46,
               "systemFontType": "regular"
               },
               {
               "DLSTextStyleName": "weatherTopMin",
               "font": "ABCSansNova-Regular",
               "pointSize": 38,
               "lineHeight": 38,
               "systemFontType": "regular"
               },
               {
               "DLSTextStyleName": "headingXLargeCondensed",
               "font": "ABCSansNova-CondensedBold",
               "pointSize": 30,
               "lineHeight": 38,
               "systemFontType": "bold"
               },
               {
               "DLSTextStyleName": "headingLargeCondensed",
               "font": "ABCSansNova-CondensedBold",
               "pointSize": 22,
               "lineHeight": 30,
               "systemFontType": "bold"
               },
               {
               "DLSTextStyleName": "headingMediumCondensed",
               "font": "ABCSansNova-CondensedBold",
               "pointSize": 18,
               "lineHeight": 22,
               "systemFontType": "bold"
               },
               {
               "DLSTextStyleName": "headingSmallCondensed",
               "font": "ABCSansNova-CondensedBold",
               "pointSize": 16,
               "lineHeight": 22,
               "systemFontType": "bold"
               },
               {
               "DLSTextStyleName": "headingXSmallCondensed",
               "font": "ABCSansNova-CondensedBold",
               "pointSize": 14,
               "lineHeight": 22,
               "systemFontType": "bold"
               }
               ]
 },
 {
 "sizeCategory": "medium",
 "fontTable": [
               {
               "DLSTextStyleName": "headingXLarge",
               "font": "ABCSansNova-Black",
               "pointSize": 31,
               "lineHeight": 39,
               "systemFontType": "bold"
               },
               {
               "DLSTextStyleName": "headingLarge",
               "font": "ABCSansNova-Black",
               "pointSize": 23,
               "lineHeight": 31,
               "systemFontType": "bold"
               },
               {
               "DLSTextStyleName": "lead",
               "font": "ABCSansNova-Regular",
               "pointSize": 23,
               "lineHeight": 31,
               "systemFontType": "regular"
               },
               {
               "DLSTextStyleName": "headingMedium",
               "font": "ABCSansNova-Black",
               "pointSize": 19,
               "lineHeight": 23,
               "systemFontType": "bold"
               },
               {
               "DLSTextStyleName": "headingSmall",
               "font": "ABCSansNova-Black",
               "pointSize": 17,
               "lineHeight": 23,
               "systemFontType": "bold"
               },
               {
               "DLSTextStyleName": "pullQuote",
               "font": "ABCSansNova-Italic",
               "pointSize": 17,
               "lineHeight": 27,
               "systemFontType": "regular"
               },
               {
               "DLSTextStyleName": "headingXSmall",
               "font": "ABCSansNova-Black",
               "pointSize": 15,
               "lineHeight": 23,
               "systemFontType": "bold"
               },
               {
               "DLSTextStyleName": "bodyLargeBold",
               "font": "ABCSansNova-Bold",
               "pointSize": 17,
               "lineHeight": 27,
               "systemFontType": "bold"
               },
               {
               "DLSTextStyleName": "toolbar",
               "font": "ABCSansNova-Bold",
               "pointSize": 15,
               "lineHeight": 19,
               "systemFontType": "bold"
               },
               {
               "DLSTextStyleName": "bodyBold",
               "font": "ABCSansNova-Bold",
               "pointSize": 15,
               "lineHeight": 23,
               "systemFontType": "bold"
               },
               {
               "DLSTextStyleName": "bodyLarge",
               "font": "ABCSansNova-Regular",
               "pointSize": 17,
               "lineHeight": 27,
               "systemFontType": "regular"
               },
               {
               "DLSTextStyleName": "body",
               "font": "ABCSansNova-Regular",
               "pointSize": 15,
               "lineHeight": 23,
               "systemFontType": "regular"
               },
               {
               "DLSTextStyleName": "inputFieldText",
               "font": "ABCSansNova-Regular",
               "pointSize": 15,
               "lineHeight": 23,
               "letterSpacing": 0.94,
               "systemFontType": "regular"
               },
               {
               "DLSTextStyleName": "bodyCardBold",
               "font": "ABCSansNova-Bold",
               "pointSize": 13,
               "lineHeight": 23,
               "systemFontType": "bold"
               },
               {
               "DLSTextStyleName": "bodyCard",
               "font": "ABCSansNova-Regular",
               "pointSize": 13,
               "lineHeight": 23,
               "systemFontType": "regular"
               },
               {
               "DLSTextStyleName": "navTitle",
               "font": "ABCSansNova-Bold",
               "pointSize": 19,
               "lineHeight": 19,
               "systemFontType": "bold"
               },
               {
               "DLSTextStyleName": "utility",
               "font": "ABCSansNova-Regular",
               "pointSize": 11,
               "lineHeight": 19,
               "letterSpacing": 1.38,
               "systemFontType": "regular"
               },
               {
               "DLSTextStyleName": "utilityHeading",
               "font": "ABCSansNova-Bold",
               "pointSize": 13,
               "lineHeight": 19,
               "letterSpacing": 1.5,
               "systemFontType": "bold"
               },
               {
               "DLSTextStyleName": "utilityAction",
               "font": "ABCSansNova-Regular",
               "pointSize": 11,
               "lineHeight": 12,
               "letterSpacing": 0,
               "systemFontType": "regular"
               },
               {
               "DLSTextStyleName": "inputFieldLabel",
               "font": "ABCSansNova-Regular",
               "pointSize": 11,
               "lineHeight": 19,
               "letterSpacing": 0.46,
               "systemFontType": "regular"
               },
               {
               "DLSTextStyleName": "topic",
               "font": "ABCSansNova-Bold",
               "pointSize": 11,
               "lineHeight": 23,
               "letterSpacing": 1.38,
               "systemFontType": "bold"
               },
               {
               "DLSTextStyleName": "button",
               "font": "ABCSansNova-Bold",
               "pointSize": 11,
               "lineHeight": 23,
               "letterSpacing": 1.83,
               "systemFontType": "bold"
               },
               {
               "DLSTextStyleName": "statusLabelSmall",
               "font": "ABCSansNova-Bold",
               "pointSize": 9,
               "lineHeight": 15,
               "letterSpacing": 1.12,
               "systemFontType": "bold"
               },
               {
               "DLSTextStyleName": "bodySmall",
               "font": "ABCSansNova-Regular",
               "pointSize": 11,
               "lineHeight": 19,
               "letterSpacing": 0.92,
               "systemFontType": "regular"
               },
               {
               "DLSTextStyleName": "closedCaptions",
               "font": "ABCSansNova-Regular",
               "pointSize": 15,
               "lineHeight": 31,
               "systemFontType": "regular"
               },
               {
               "DLSTextStyleName": "timecode",
               "font": "ABCSans-BoldTabNumbers",
               "pointSize": 12,
               "lineHeight": 16,
               "letterSpacing": 0.5,
               "systemFontType": "bold"
               },
               {
               "DLSTextStyleName": "weatherTopMax",
               "font": "ABCSansNova-Regular",
               "pointSize": 47,
               "lineHeight": 47,
               "systemFontType": "regular"
               },
               {
               "DLSTextStyleName": "weatherTopMin",
               "font": "ABCSansNova-Regular",
               "pointSize": 39,
               "lineHeight": 39,
               "systemFontType": "regular"
               },
               {
               "DLSTextStyleName": "headingXLargeCondensed",
               "font": "ABCSansNova-CondensedBold",
               "pointSize": 31,
               "lineHeight": 39,
               "systemFontType": "bold"
               },
               {
               "DLSTextStyleName": "headingLargeCondensed",
               "font": "ABCSansNova-CondensedBold",
               "pointSize": 23,
               "lineHeight": 31,
               "systemFontType": "bold"
               },
               {
               "DLSTextStyleName": "headingMediumCondensed",
               "font": "ABCSansNova-CondensedBold",
               "pointSize": 19,
               "lineHeight": 23,
               "systemFontType": "bold"
               },
               {
               "DLSTextStyleName": "headingSmallCondensed",
               "font": "ABCSansNova-CondensedBold",
               "pointSize": 17,
               "lineHeight": 23,
               "systemFontType": "bold"
               },
               {
               "DLSTextStyleName": "headingXSmallCondensed",
               "font": "ABCSansNova-CondensedBold",
               "pointSize": 15,
               "lineHeight": 23,
               "systemFontType": "bold"
               }
               ]
 },
 {
 "sizeCategory": "large",
 "default": true,
 "fontTable": [
               {
               "DLSTextStyleName": "headingXLarge",
               "font": "ABCSansNova-Black",
               "pointSize": 32,
               "lineHeight": 40,
               "systemFontType": "bold"
               },
               {
               "DLSTextStyleName": "headingLarge",
               "font": "ABCSansNova-Black",
               "pointSize": 24,
               "lineHeight": 32,
               "systemFontType": "bold"
               },
               {
               "DLSTextStyleName": "lead",
               "font": "ABCSansNova-Regular",
               "pointSize": 24,
               "lineHeight": 32,
               "systemFontType": "regular"
               },
               {
               "DLSTextStyleName": "headingMedium",
               "font": "ABCSansNova-Black",
               "pointSize": 20,
               "lineHeight": 24,
               "systemFontType": "bold"
               },
               {
               "DLSTextStyleName": "headingSmall",
               "font": "ABCSansNova-Black",
               "pointSize": 18,
               "lineHeight": 24,
               "systemFontType": "bold"
               },
               {
               "DLSTextStyleName": "pullQuote",
               "font": "ABCSansNova-Italic",
               "pointSize": 18,
               "lineHeight": 28,
               "systemFontType": "regular"
               },
               {
               "DLSTextStyleName": "headingXSmall",
               "font": "ABCSansNova-Black",
               "pointSize": 16,
               "lineHeight": 24,
               "systemFontType": "bold"
               },
               {
               "DLSTextStyleName": "bodyLargeBold",
               "font": "ABCSansNova-Bold",
               "pointSize": 18,
               "lineHeight": 28,
               "systemFontType": "bold"
               },
               {
               "DLSTextStyleName": "toolbar",
               "font": "ABCSansNova-Bold",
               "pointSize": 16,
               "lineHeight": 20,
               "systemFontType": "bold"
               },
               {
               "DLSTextStyleName": "bodyBold",
               "font": "ABCSansNova-Bold",
               "pointSize": 16,
               "lineHeight": 24,
               "systemFontType": "bold"
               },
               {
               "DLSTextStyleName": "bodyLarge",
               "font": "ABCSansNova-Regular",
               "pointSize": 18,
               "lineHeight": 28,
               "systemFontType": "regular"
               },
               {
               "DLSTextStyleName": "body",
               "font": "ABCSansNova-Regular",
               "pointSize": 16,
               "lineHeight": 24,
               "systemFontType": "regular"
               },
               {
               "DLSTextStyleName": "inputFieldText",
               "font": "ABCSansNova-Regular",
               "pointSize": 16,
               "lineHeight": 24,
               "letterSpacing": 1,
               "systemFontType": "regular"
               },
               {
               "DLSTextStyleName": "bodyCardBold",
               "font": "ABCSansNova-Bold",
               "pointSize": 14,
               "lineHeight": 24,
               "systemFontType": "bold"
               },
               {
               "DLSTextStyleName": "bodyCard",
               "font": "ABCSansNova-Regular",
               "pointSize": 14,
               "lineHeight": 24,
               "systemFontType": "regular"
               },
               {
               "DLSTextStyleName": "navTitle",
               "font": "ABCSansNova-Bold",
               "pointSize": 20,
               "lineHeight": 20,
               "systemFontType": "bold"
               },
               {
               "DLSTextStyleName": "utility",
               "font": "ABCSansNova-Regular",
               "pointSize": 12,
               "lineHeight": 20,
               "letterSpacing": 1.5,
               "systemFontType": "regular"
               },
               {
               "DLSTextStyleName": "utilityHeading",
               "font": "ABCSansNova-Bold",
               "pointSize": 14,
               "lineHeight": 20,
               "letterSpacing": 1.5,
               "systemFontType": "bold"
               },
               {
               "DLSTextStyleName": "utilityAction",
               "font": "ABCSansNova-Regular",
               "pointSize": 11,
               "lineHeight": 12,
               "letterSpacing": 0,
               "systemFontType": "regular"
               },
               {
               "DLSTextStyleName": "inputFieldLabel",
               "font": "ABCSansNova-Regular",
               "pointSize": 12,
               "lineHeight": 20,
               "letterSpacing": 0.5,
               "systemFontType": "regular"
               },
               {
               "DLSTextStyleName": "topic",
               "font": "ABCSansNova-Bold",
               "pointSize": 12,
               "lineHeight": 24,
               "letterSpacing": 1.5,
               "systemFontType": "bold"
               },
               {
               "DLSTextStyleName": "button",
               "font": "ABCSansNova-Bold",
               "pointSize": 12,
               "lineHeight": 24,
               "letterSpacing": 2,
               "systemFontType": "bold"
               },
               {
               "DLSTextStyleName": "statusLabelSmall",
               "font": "ABCSansNova-Bold",
               "pointSize": 10,
               "lineHeight": 16,
               "letterSpacing": 1.25,
               "systemFontType": "bold"
               },
               {
               "DLSTextStyleName": "bodySmall",
               "font": "ABCSansNova-Regular",
               "pointSize": 12,
               "lineHeight": 20,
               "letterSpacing": 1,
               "systemFontType": "regular"
               },
               {
               "DLSTextStyleName": "closedCaptions",
               "font": "ABCSansNova-Regular",
               "pointSize": 16,
               "lineHeight": 32,
               "systemFontType": "regular"
               },
               {
               "DLSTextStyleName": "timecode",
               "font": "ABCSans-BoldTabNumbers",
               "pointSize": 12,
               "lineHeight": 16,
               "letterSpacing": 0.5,
               "systemFontType": "bold"
               },
               {
               "DLSTextStyleName": "weatherTopMax",
               "font": "ABCSansNova-Regular",
               "pointSize": 48,
               "lineHeight": 48,
               "systemFontType": "regular"
               },
               {
               "DLSTextStyleName": "weatherTopMin",
               "font": "ABCSansNova-Regular",
               "pointSize": 40,
               "lineHeight": 40,
               "systemFontType": "regular"
               },
               {
               "DLSTextStyleName": "headingXLargeCondensed",
               "font": "ABCSansNova-CondensedBold",
               "pointSize": 32,
               "lineHeight": 40,
               "systemFontType": "bold"
               },
               {
               "DLSTextStyleName": "headingLargeCondensed",
               "font": "ABCSansNova-CondensedBold",
               "pointSize": 24,
               "lineHeight": 32,
               "systemFontType": "bold"
               },
               {
               "DLSTextStyleName": "headingMediumCondensed",
               "font": "ABCSansNova-CondensedBold",
               "pointSize": 20,
               "lineHeight": 24,
               "systemFontType": "bold"
               },
               {
               "DLSTextStyleName": "headingSmallCondensed",
               "font": "ABCSansNova-CondensedBold",
               "pointSize": 18,
               "lineHeight": 24,
               "systemFontType": "bold"
               },
               {
               "DLSTextStyleName": "headingXSmallCondensed",
               "font": "ABCSansNova-CondensedBold",
               "pointSize": 16,
               "lineHeight": 24,
               "systemFontType": "bold"
               }
               ]
 },
 {
 "sizeCategory": "xLarge",
 "fontTable": [
               {
               "DLSTextStyleName": "headingXLarge",
               "font": "ABCSansNova-Black",
               "pointSize": 34,
               "lineHeight": 42,
               "systemFontType": "bold"
               },
               {
               "DLSTextStyleName": "headingLarge",
               "font": "ABCSansNova-Black",
               "pointSize": 26,
               "lineHeight": 34,
               "systemFontType": "bold"
               },
               {
               "DLSTextStyleName": "lead",
               "font": "ABCSansNova-Regular",
               "pointSize": 26,
               "lineHeight": 34,
               "systemFontType": "regular"
               },
               {
               "DLSTextStyleName": "headingMedium",
               "font": "ABCSansNova-Black",
               "pointSize": 22,
               "lineHeight": 26,
               "systemFontType": "bold"
               },
               {
               "DLSTextStyleName": "headingSmall",
               "font": "ABCSansNova-Black",
               "pointSize": 20,
               "lineHeight": 26,
               "systemFontType": "bold"
               },
               {
               "DLSTextStyleName": "pullQuote",
               "font": "ABCSansNova-Italic",
               "pointSize": 20,
               "lineHeight": 30,
               "systemFontType": "regular"
               },
               {
               "DLSTextStyleName": "headingXSmall",
               "font": "ABCSansNova-Black",
               "pointSize": 18,
               "lineHeight": 26,
               "systemFontType": "bold"
               },
               {
               "DLSTextStyleName": "bodyLargeBold",
               "font": "ABCSansNova-Bold",
               "pointSize": 20,
               "lineHeight": 30,
               "systemFontType": "bold"
               },
               {
               "DLSTextStyleName": "toolbar",
               "font": "ABCSansNova-Bold",
               "pointSize": 18,
               "lineHeight": 22,
               "systemFontType": "bold"
               },
               {
               "DLSTextStyleName": "bodyBold",
               "font": "ABCSansNova-Bold",
               "pointSize": 18,
               "lineHeight": 26,
               "systemFontType": "bold"
               },
               {
               "DLSTextStyleName": "bodyLarge",
               "font": "ABCSansNova-Regular",
               "pointSize": 20,
               "lineHeight": 30,
               "systemFontType": "regular"
               },
               {
               "DLSTextStyleName": "body",
               "font": "ABCSansNova-Regular",
               "pointSize": 18,
               "lineHeight": 26,
               "systemFontType": "regular"
               },
               {
               "DLSTextStyleName": "inputFieldText",
               "font": "ABCSansNova-Regular",
               "pointSize": 18,
               "lineHeight": 26,
               "letterSpacing": 1.12,
               "systemFontType": "regular"
               },
               {
               "DLSTextStyleName": "bodyCardBold",
               "font": "ABCSansNova-Bold",
               "pointSize": 16,
               "lineHeight": 26,
               "systemFontType": "bold"
               },
               {
               "DLSTextStyleName": "bodyCard",
               "font": "ABCSansNova-Regular",
               "pointSize": 16,
               "lineHeight": 26,
               "systemFontType": "regular"
               },
               {
               "DLSTextStyleName": "navTitle",
               "font": "ABCSansNova-Bold",
               "pointSize": 22,
               "lineHeight": 22,
               "systemFontType": "bold"
               },
               {
               "DLSTextStyleName": "utility",
               "font": "ABCSansNova-Regular",
               "pointSize": 14,
               "lineHeight": 22,
               "letterSpacing": 1.75,
               "systemFontType": "regular"
               },
               {
               "DLSTextStyleName": "utilityHeading",
               "font": "ABCSansNova-Bold",
               "pointSize": 16,
               "lineHeight": 22,
               "letterSpacing": 1.5,
               "systemFontType": "bold"
               },
               {
               "DLSTextStyleName": "utilityAction",
               "font": "ABCSansNova-Regular",
               "pointSize": 12,
               "lineHeight": 13,
               "letterSpacing": 0,
               "systemFontType": "regular"
               },
               {
               "DLSTextStyleName": "inputFieldLabel",
               "font": "ABCSansNova-Regular",
               "pointSize": 14,
               "lineHeight": 22,
               "letterSpacing": 0.58,
               "systemFontType": "regular"
               },
               {
               "DLSTextStyleName": "topic",
               "font": "ABCSansNova-Bold",
               "pointSize": 14,
               "lineHeight": 26,
               "letterSpacing": 1.75,
               "systemFontType": "bold"
               },
               {
               "DLSTextStyleName": "button",
               "font": "ABCSansNova-Bold",
               "pointSize": 14,
               "lineHeight": 26,
               "letterSpacing": 2.33,
               "systemFontType": "bold"
               },
               {
               "DLSTextStyleName": "statusLabelSmall",
               "font": "ABCSansNova-Bold",
               "pointSize": 12,
               "lineHeight": 18,
               "letterSpacing": 1.5,
               "systemFontType": "bold"
               },
               {
               "DLSTextStyleName": "bodySmall",
               "font": "ABCSansNova-Regular",
               "pointSize": 14,
               "lineHeight": 22,
               "letterSpacing": 1.17,
               "systemFontType": "regular"
               },
               {
               "DLSTextStyleName": "closedCaptions",
               "font": "ABCSansNova-Regular",
               "pointSize": 18,
               "lineHeight": 34,
               "systemFontType": "regular"
               },
               {
               "DLSTextStyleName": "timecode",
               "font": "ABCSans-BoldTabNumbers",
               "pointSize": 14,
               "lineHeight": 18,
               "letterSpacing": 0.58,
               "systemFontType": "bold"
               },
               {
               "DLSTextStyleName": "weatherTopMax",
               "font": "ABCSansNova-Regular",
               "pointSize": 50,
               "lineHeight": 50,
               "systemFontType": "regular"
               },
               {
               "DLSTextStyleName": "weatherTopMin",
               "font": "ABCSansNova-Regular",
               "pointSize": 42,
               "lineHeight": 42,
               "systemFontType": "regular"
               },
               {
               "DLSTextStyleName": "headingXLargeCondensed",
               "font": "ABCSansNova-CondensedBold",
               "pointSize": 34,
               "lineHeight": 42,
               "systemFontType": "bold"
               },
               {
               "DLSTextStyleName": "headingLargeCondensed",
               "font": "ABCSansNova-CondensedBold",
               "pointSize": 26,
               "lineHeight": 34,
               "systemFontType": "bold"
               },
               {
               "DLSTextStyleName": "headingMediumCondensed",
               "font": "ABCSansNova-CondensedBold",
               "pointSize": 22,
               "lineHeight": 26,
               "systemFontType": "bold"
               },
               {
               "DLSTextStyleName": "headingSmallCondensed",
               "font": "ABCSansNova-CondensedBold",
               "pointSize": 20,
               "lineHeight": 26,
               "systemFontType": "bold"
               },
               {
               "DLSTextStyleName": "headingXSmallCondensed",
               "font": "ABCSansNova-CondensedBold",
               "pointSize": 18,
               "lineHeight": 26,
               "systemFontType": "bold"
               }
               ]
 },
 {
 "sizeCategory": "xxLarge",
 "fontTable": [
               {
               "DLSTextStyleName": "headingXLarge",
               "font": "ABCSansNova-Black",
               "pointSize": 36,
               "lineHeight": 44,
               "systemFontType": "bold"
               },
               {
               "DLSTextStyleName": "headingLarge",
               "font": "ABCSansNova-Black",
               "pointSize": 28,
               "lineHeight": 36,
               "systemFontType": "bold"
               },
               {
               "DLSTextStyleName": "lead",
               "font": "ABCSansNova-Regular",
               "pointSize": 28,
               "lineHeight": 36,
               "systemFontType": "regular"
               },
               {
               "DLSTextStyleName": "headingMedium",
               "font": "ABCSansNova-Black",
               "pointSize": 24,
               "lineHeight": 28,
               "systemFontType": "bold"
               },
               {
               "DLSTextStyleName": "headingSmall",
               "font": "ABCSansNova-Black",
               "pointSize": 22,
               "lineHeight": 28,
               "systemFontType": "bold"
               },
               {
               "DLSTextStyleName": "pullQuote",
               "font": "ABCSansNova-Italic",
               "pointSize": 22,
               "lineHeight": 32,
               "systemFontType": "regular"
               },
               {
               "DLSTextStyleName": "headingXSmall",
               "font": "ABCSansNova-Black",
               "pointSize": 20,
               "lineHeight": 28,
               "systemFontType": "bold"
               },
               {
               "DLSTextStyleName": "bodyLargeBold",
               "font": "ABCSansNova-Bold",
               "pointSize": 22,
               "lineHeight": 32,
               "systemFontType": "bold"
               },
               {
               "DLSTextStyleName": "toolbar",
               "font": "ABCSansNova-Bold",
               "pointSize": 20,
               "lineHeight": 24,
               "systemFontType": "bold"
               },
               {
               "DLSTextStyleName": "bodyBold",
               "font": "ABCSansNova-Bold",
               "pointSize": 20,
               "lineHeight": 28,
               "systemFontType": "bold"
               },
               {
               "DLSTextStyleName": "bodyLarge",
               "font": "ABCSansNova-Regular",
               "pointSize": 22,
               "lineHeight": 32,
               "systemFontType": "regular"
               },
               {
               "DLSTextStyleName": "body",
               "font": "ABCSansNova-Regular",
               "pointSize": 20,
               "lineHeight": 28,
               "systemFontType": "regular"
               },
               {
               "DLSTextStyleName": "inputFieldText",
               "font": "ABCSansNova-Regular",
               "pointSize": 20,
               "lineHeight": 28,
               "letterSpacing": 1.25,
               "systemFontType": "regular"
               },
               {
               "DLSTextStyleName": "bodyCardBold",
               "font": "ABCSansNova-Bold",
               "pointSize": 18,
               "lineHeight": 28,
               "systemFontType": "bold"
               },
               {
               "DLSTextStyleName": "bodyCard",
               "font": "ABCSansNova-Regular",
               "pointSize": 18,
               "lineHeight": 28,
               "systemFontType": "regular"
               },
               {
               "DLSTextStyleName": "navTitle",
               "font": "ABCSansNova-Bold",
               "pointSize": 24,
               "lineHeight": 24,
               "systemFontType": "bold"
               },
               {
               "DLSTextStyleName": "utility",
               "font": "ABCSansNova-Regular",
               "pointSize": 16,
               "lineHeight": 24,
               "letterSpacing": 2,
               "systemFontType": "regular"
               },
               {
               "DLSTextStyleName": "utilityHeading",
               "font": "ABCSansNova-Bold",
               "pointSize": 18,
               "lineHeight": 24,
               "letterSpacing": 1.5,
               "systemFontType": "bold"
               },
               {
               "DLSTextStyleName": "utilityAction",
               "font": "ABCSansNova-Regular",
               "pointSize": 13,
               "lineHeight": 14,
               "letterSpacing": 0,
               "systemFontType": "regular"
               },
               {
               "DLSTextStyleName": "inputFieldLabel",
               "font": "ABCSansNova-Regular",
               "pointSize": 16,
               "lineHeight": 24,
               "letterSpacing": 0.67,
               "systemFontType": "regular"
               },
               {
               "DLSTextStyleName": "topic",
               "font": "ABCSansNova-Bold",
               "pointSize": 16,
               "lineHeight": 28,
               "letterSpacing": 2,
               "systemFontType": "bold"
               },
               {
               "DLSTextStyleName": "button",
               "font": "ABCSansNova-Bold",
               "pointSize": 16,
               "lineHeight": 28,
               "letterSpacing": 2.67,
               "systemFontType": "bold"
               },
               {
               "DLSTextStyleName": "statusLabelSmall",
               "font": "ABCSansNova-Bold",
               "pointSize": 14,
               "lineHeight": 20,
               "letterSpacing": 1.75,
               "systemFontType": "bold"
               },
               {
               "DLSTextStyleName": "bodySmall",
               "font": "ABCSansNova-Regular",
               "pointSize": 16,
               "lineHeight": 24,
               "letterSpacing": 1.33,
               "systemFontType": "regular"
               },
               {
               "DLSTextStyleName": "closedCaptions",
               "font": "ABCSansNova-Regular",
               "pointSize": 20,
               "lineHeight": 36,
               "systemFontType": "regular"
               },
               {
               "DLSTextStyleName": "timecode",
               "font": "ABCSans-BoldTabNumbers",
               "pointSize": 16,
               "lineHeight": 20,
               "letterSpacing": 0.67,
               "systemFontType": "bold"
               },
               {
               "DLSTextStyleName": "weatherTopMax",
               "font": "ABCSansNova-Regular",
               "pointSize": 52,
               "lineHeight": 52,
               "systemFontType": "regular"
               },
               {
               "DLSTextStyleName": "weatherTopMin",
               "font": "ABCSansNova-Regular",
               "pointSize": 44,
               "lineHeight": 44,
               "systemFontType": "regular"
               },
               {
               "DLSTextStyleName": "headingXLargeCondensed",
               "font": "ABCSansNova-CondensedBold",
               "pointSize": 36,
               "lineHeight": 44,
               "systemFontType": "bold"
               },
               {
               "DLSTextStyleName": "headingLargeCondensed",
               "font": "ABCSansNova-CondensedBold",
               "pointSize": 28,
               "lineHeight": 36,
               "systemFontType": "bold"
               },
               {
               "DLSTextStyleName": "headingMediumCondensed",
               "font": "ABCSansNova-CondensedBold",
               "pointSize": 24,
               "lineHeight": 28,
               "systemFontType": "bold"
               },
               {
               "DLSTextStyleName": "headingSmallCondensed",
               "font": "ABCSansNova-CondensedBold",
               "pointSize": 22,
               "lineHeight": 28,
               "systemFontType": "bold"
               },
               {
               "DLSTextStyleName": "headingXSmallCondensed",
               "font": "ABCSansNova-CondensedBold",
               "pointSize": 20,
               "lineHeight": 28,
               "systemFontType": "bold"
               }
               ]
 },
 {
 "sizeCategory": "xxxLarge",
 "fontTable": [
               {
               "DLSTextStyleName": "headingXLarge",
               "font": "ABCSansNova-Black",
               "pointSize": 38,
               "lineHeight": 46,
               "systemFontType": "bold"
               },
               {
               "DLSTextStyleName": "headingLarge",
               "font": "ABCSansNova-Black",
               "pointSize": 30,
               "lineHeight": 38,
               "systemFontType": "bold"
               },
               {
               "DLSTextStyleName": "lead",
               "font": "ABCSansNova-Regular",
               "pointSize": 30,
               "lineHeight": 38,
               "systemFontType": "regular"
               },
               {
               "DLSTextStyleName": "headingMedium",
               "font": "ABCSansNova-Black",
               "pointSize": 26,
               "lineHeight": 30,
               "systemFontType": "bold"
               },
               {
               "DLSTextStyleName": "headingSmall",
               "font": "ABCSansNova-Black",
               "pointSize": 24,
               "lineHeight": 30,
               "systemFontType": "bold"
               },
               {
               "DLSTextStyleName": "pullQuote",
               "font": "ABCSansNova-Italic",
               "pointSize": 24,
               "lineHeight": 34,
               "systemFontType": "regular"
               },
               {
               "DLSTextStyleName": "headingXSmall",
               "font": "ABCSansNova-Black",
               "pointSize": 22,
               "lineHeight": 30,
               "systemFontType": "bold"
               },
               {
               "DLSTextStyleName": "bodyLargeBold",
               "font": "ABCSansNova-Bold",
               "pointSize": 24,
               "lineHeight": 34,
               "systemFontType": "bold"
               },
               {
               "DLSTextStyleName": "toolbar",
               "font": "ABCSansNova-Bold",
               "pointSize": 22,
               "lineHeight": 26,
               "systemFontType": "bold"
               },
               {
               "DLSTextStyleName": "bodyBold",
               "font": "ABCSansNova-Bold",
               "pointSize": 22,
               "lineHeight": 30,
               "systemFontType": "bold"
               },
               {
               "DLSTextStyleName": "bodyLarge",
               "font": "ABCSansNova-Regular",
               "pointSize": 24,
               "lineHeight": 34,
               "systemFontType": "regular"
               },
               {
               "DLSTextStyleName": "body",
               "font": "ABCSansNova-Regular",
               "pointSize": 22,
               "lineHeight": 30,
               "systemFontType": "regular"
               },
               {
               "DLSTextStyleName": "inputFieldText",
               "font": "ABCSansNova-Regular",
               "pointSize": 22,
               "lineHeight": 30,
               "letterSpacing": 1.38,
               "systemFontType": "regular"
               },
               {
               "DLSTextStyleName": "bodyCardBold",
               "font": "ABCSansNova-Bold",
               "pointSize": 20,
               "lineHeight": 30,
               "systemFontType": "bold"
               },
               {
               "DLSTextStyleName": "bodyCard",
               "font": "ABCSansNova-Regular",
               "pointSize": 20,
               "lineHeight": 30,
               "systemFontType": "regular"
               },
               {
               "DLSTextStyleName": "navTitle",
               "font": "ABCSansNova-Bold",
               "pointSize": 26,
               "lineHeight": 26,
               "systemFontType": "bold"
               },
               {
               "DLSTextStyleName": "utility",
               "font": "ABCSansNova-Regular",
               "pointSize": 18,
               "lineHeight": 26,
               "letterSpacing": 2.25,
               "systemFontType": "regular"
               },
               {
               "DLSTextStyleName": "utilityHeading",
               "font": "ABCSansNova-Bold",
               "pointSize": 20,
               "lineHeight": 26,
               "letterSpacing": 1.5,
               "systemFontType": "bold"
               },
               {
               "DLSTextStyleName": "utilityAction",
               "font": "ABCSansNova-Regular",
               "pointSize": 14,
               "lineHeight": 15,
               "letterSpacing": 0,
               "systemFontType": "regular"
               },
               {
               "DLSTextStyleName": "inputFieldLabel",
               "font": "ABCSansNova-Regular",
               "pointSize": 18,
               "lineHeight": 26,
               "letterSpacing": 0.75,
               "systemFontType": "regular"
               },
               {
               "DLSTextStyleName": "topic",
               "font": "ABCSansNova-Bold",
               "pointSize": 18,
               "lineHeight": 30,
               "letterSpacing": 2.25,
               "systemFontType": "bold"
               },
               {
               "DLSTextStyleName": "button",
               "font": "ABCSansNova-Bold",
               "pointSize": 18,
               "lineHeight": 30,
               "letterSpacing": 3,
               "systemFontType": "bold"
               },
               {
               "DLSTextStyleName": "statusLabelSmall",
               "font": "ABCSansNova-Bold",
               "pointSize": 16,
               "lineHeight": 22,
               "letterSpacing": 2,
               "systemFontType": "bold"
               },
               {
               "DLSTextStyleName": "bodySmall",
               "font": "ABCSansNova-Regular",
               "pointSize": 18,
               "lineHeight": 26,
               "letterSpacing": 1.5,
               "systemFontType": "regular"
               },
               {
               "DLSTextStyleName": "closedCaptions",
               "font": "ABCSansNova-Regular",
               "pointSize": 22,
               "lineHeight": 38,
               "systemFontType": "regular"
               },
               {
               "DLSTextStyleName": "timecode",
               "font": "ABCSans-BoldTabNumbers",
               "pointSize": 18,
               "lineHeight": 22,
               "letterSpacing": 0.75,
               "systemFontType": "bold"
               },
               {
               "DLSTextStyleName": "weatherTopMax",
               "font": "ABCSansNova-Regular",
               "pointSize": 54,
               "lineHeight": 54,
               "systemFontType": "regular"
               },
               {
               "DLSTextStyleName": "weatherTopMin",
               "font": "ABCSansNova-Regular",
               "pointSize": 46,
               "lineHeight": 46,
               "systemFontType": "regular"
               },
               {
               "DLSTextStyleName": "headingXLargeCondensed",
               "font": "ABCSansNova-CondensedBold",
               "pointSize": 38,
               "lineHeight": 46,
               "systemFontType": "bold"
               },
               {
               "DLSTextStyleName": "headingLargeCondensed",
               "font": "ABCSansNova-CondensedBold",
               "pointSize": 30,
               "lineHeight": 38,
               "systemFontType": "bold"
               },
               {
               "DLSTextStyleName": "headingMediumCondensed",
               "font": "ABCSansNova-CondensedBold",
               "pointSize": 26,
               "lineHeight": 30,
               "systemFontType": "bold"
               },
               {
               "DLSTextStyleName": "headingSmallCondensed",
               "font": "ABCSansNova-CondensedBold",
               "pointSize": 24,
               "lineHeight": 30,
               "systemFontType": "bold"
               },
               {
               "DLSTextStyleName": "headingXSmallCondensed",
               "font": "ABCSansNova-CondensedBold",
               "pointSize": 22,
               "lineHeight": 30,
               "systemFontType": "bold"
               }
               ]
 },
 {
 "sizeCategory": "AX1",
 "fontTable": [
               {
               "DLSTextStyleName": "headingXLarge",
               "font": "ABCSansNova-Black",
               "pointSize": 42,
               "lineHeight": 50,
               "systemFontType": "bold"
               },
               {
               "DLSTextStyleName": "headingLarge",
               "font": "ABCSansNova-Black",
               "pointSize": 34,
               "lineHeight": 42,
               "systemFontType": "bold"
               },
               {
               "DLSTextStyleName": "lead",
               "font": "ABCSansNova-Regular",
               "pointSize": 36,
               "lineHeight": 42,
               "systemFontType": "regular"
               },
               {
               "DLSTextStyleName": "headingMedium",
               "font": "ABCSansNova-Black",
               "pointSize": 30,
               "lineHeight": 34,
               "systemFontType": "bold"
               },
               {
               "DLSTextStyleName": "headingSmall",
               "font": "ABCSansNova-Black",
               "pointSize": 28,
               "lineHeight": 34,
               "systemFontType": "bold"
               },
               {
               "DLSTextStyleName": "pullQuote",
               "font": "ABCSansNova-Italic",
               "pointSize": 28,
               "lineHeight": 38,
               "systemFontType": "regular"
               },
               {
               "DLSTextStyleName": "headingXSmall",
               "font": "ABCSansNova-Black",
               "pointSize": 26,
               "lineHeight": 34,
               "systemFontType": "bold"
               },
               {
               "DLSTextStyleName": "bodyLargeBold",
               "font": "ABCSansNova-Bold",
               "pointSize": 28,
               "lineHeight": 38,
               "systemFontType": "bold"
               },
               {
               "DLSTextStyleName": "toolbar",
               "font": "ABCSansNova-Bold",
               "pointSize": 26,
               "lineHeight": 30,
               "systemFontType": "bold"
               },
               {
               "DLSTextStyleName": "bodyBold",
               "font": "ABCSansNova-Bold",
               "pointSize": 26,
               "lineHeight": 34,
               "systemFontType": "bold"
               },
               {
               "DLSTextStyleName": "bodyLarge",
               "font": "ABCSansNova-Regular",
               "pointSize": 28,
               "lineHeight": 38,
               "systemFontType": "regular"
               },
               {
               "DLSTextStyleName": "body",
               "font": "ABCSansNova-Regular",
               "pointSize": 26,
               "lineHeight": 34,
               "systemFontType": "regular"
               },
               {
               "DLSTextStyleName": "inputFieldText",
               "font": "ABCSansNova-Regular",
               "pointSize": 26,
               "lineHeight": 34,
               "letterSpacing": 1.5,
               "systemFontType": "regular"
               },
               {
               "DLSTextStyleName": "bodyCardBold",
               "font": "ABCSansNova-Bold",
               "pointSize": 24,
               "lineHeight": 34,
               "systemFontType": "bold"
               },
               {
               "DLSTextStyleName": "bodyCard",
               "font": "ABCSansNova-Regular",
               "pointSize": 24,
               "lineHeight": 34,
               "systemFontType": "regular"
               },
               {
               "DLSTextStyleName": "navTitle",
               "font": "ABCSansNova-Bold",
               "pointSize": 30,
               "lineHeight": 30,
               "systemFontType": "bold"
               },
               {
               "DLSTextStyleName": "utility",
               "font": "ABCSansNova-Regular",
               "pointSize": 22,
               "lineHeight": 30,
               "letterSpacing": 2.5,
               "systemFontType": "regular"
               },
               {
               "DLSTextStyleName": "utilityHeading",
               "font": "ABCSansNova-Bold",
               "pointSize": 24,
               "lineHeight": 30,
               "letterSpacing": 1.5,
               "systemFontType": "bold"
               },
               {
               "DLSTextStyleName": "utilityAction",
               "font": "ABCSansNova-Regular",
               "pointSize": 16,
               "lineHeight": 18,
               "letterSpacing": 0,
               "systemFontType": "regular"
               },
               {
               "DLSTextStyleName": "inputFieldLabel",
               "font": "ABCSansNova-Regular",
               "pointSize": 22,
               "lineHeight": 30,
               "letterSpacing": 0.83,
               "systemFontType": "regular"
               },
               {
               "DLSTextStyleName": "topic",
               "font": "ABCSansNova-Bold",
               "pointSize": 22,
               "lineHeight": 34,
               "letterSpacing": 2.5,
               "systemFontType": "bold"
               },
               {
               "DLSTextStyleName": "button",
               "font": "ABCSansNova-Bold",
               "pointSize": 22,
               "lineHeight": 34,
               "letterSpacing": 3.33,
               "systemFontType": "bold"
               },
               {
               "DLSTextStyleName": "statusLabelSmall",
               "font": "ABCSansNova-Bold",
               "pointSize": 20,
               "lineHeight": 26,
               "letterSpacing": 2.5,
               "systemFontType": "bold"
               },
               {
               "DLSTextStyleName": "bodySmall",
               "font": "ABCSansNova-Regular",
               "pointSize": 22,
               "lineHeight": 30,
               "letterSpacing": 1.67,
               "systemFontType": "regular"
               },
               {
               "DLSTextStyleName": "closedCaptions",
               "font": "ABCSansNova-Regular",
               "pointSize": 26,
               "lineHeight": 42,
               "systemFontType": "regular"
               },
               {
               "DLSTextStyleName": "timecode",
               "font": "ABCSans-BoldTabNumbers",
               "pointSize": 20,
               "lineHeight": 24,
               "letterSpacing": 0.83,
               "systemFontType": "bold"
               },
               {
               "DLSTextStyleName": "weatherTopMax",
               "font": "ABCSansNova-Regular",
               "pointSize": 58,
               "lineHeight": 58,
               "systemFontType": "regular"
               },
               {
               "DLSTextStyleName": "weatherTopMin",
               "font": "ABCSansNova-Regular",
               "pointSize": 50,
               "lineHeight": 50,
               "systemFontType": "regular"
               },
               {
               "DLSTextStyleName": "headingXLargeCondensed",
               "font": "ABCSansNova-CondensedBold",
               "pointSize": 42,
               "lineHeight": 50,
               "systemFontType": "bold"
               },
               {
               "DLSTextStyleName": "headingLargeCondensed",
               "font": "ABCSansNova-CondensedBold",
               "pointSize": 34,
               "lineHeight": 42,
               "systemFontType": "bold"
               },
               {
               "DLSTextStyleName": "headingMediumCondensed",
               "font": "ABCSansNova-CondensedBold",
               "pointSize": 30,
               "lineHeight": 34,
               "systemFontType": "bold"
               },
               {
               "DLSTextStyleName": "headingSmallCondensed",
               "font": "ABCSansNova-CondensedBold",
               "pointSize": 28,
               "lineHeight": 34,
               "systemFontType": "bold"
               },
               {
               "DLSTextStyleName": "headingXSmallCondensed",
               "font": "ABCSansNova-CondensedBold",
               "pointSize": 26,
               "lineHeight": 34,
               "systemFontType": "bold"
               }
               ]
 },
 {
 "sizeCategory": "AX2",
 "fontTable": [
               {
               "DLSTextStyleName": "headingXLarge",
               "font": "ABCSansNova-Black",
               "pointSize": 46,
               "lineHeight": 54,
               "systemFontType": "bold"
               },
               {
               "DLSTextStyleName": "headingLarge",
               "font": "ABCSansNova-Black",
               "pointSize": 38,
               "lineHeight": 46,
               "systemFontType": "bold"
               },
               {
               "DLSTextStyleName": "lead",
               "font": "ABCSansNova-Regular",
               "pointSize": 40,
               "lineHeight": 46,
               "systemFontType": "regular"
               },
               {
               "DLSTextStyleName": "headingMedium",
               "font": "ABCSansNova-Black",
               "pointSize": 34,
               "lineHeight": 38,
               "systemFontType": "bold"
               },
               {
               "DLSTextStyleName": "headingSmall",
               "font": "ABCSansNova-Black",
               "pointSize": 32,
               "lineHeight": 38,
               "systemFontType": "bold"
               },
               {
               "DLSTextStyleName": "pullQuote",
               "font": "ABCSansNova-Italic",
               "pointSize": 32,
               "lineHeight": 42,
               "systemFontType": "regular"
               },
               {
               "DLSTextStyleName": "headingXSmall",
               "font": "ABCSansNova-Black",
               "pointSize": 30,
               "lineHeight": 38,
               "systemFontType": "bold"
               },
               {
               "DLSTextStyleName": "bodyLargeBold",
               "font": "ABCSansNova-Bold",
               "pointSize": 32,
               "lineHeight": 42,
               "systemFontType": "bold"
               },
               {
               "DLSTextStyleName": "toolbar",
               "font": "ABCSansNova-Bold",
               "pointSize": 30,
               "lineHeight": 34,
               "systemFontType": "bold"
               },
               {
               "DLSTextStyleName": "bodyBold",
               "font": "ABCSansNova-Bold",
               "pointSize": 30,
               "lineHeight": 38,
               "systemFontType": "bold"
               },
               {
               "DLSTextStyleName": "bodyLarge",
               "font": "ABCSansNova-Regular",
               "pointSize": 32,
               "lineHeight": 42,
               "systemFontType": "regular"
               },
               {
               "DLSTextStyleName": "body",
               "font": "ABCSansNova-Regular",
               "pointSize": 30,
               "lineHeight": 38,
               "systemFontType": "regular"
               },
               {
               "DLSTextStyleName": "inputFieldText",
               "font": "ABCSansNova-Regular",
               "pointSize": 30,
               "lineHeight": 38,
               "letterSpacing": 1.62,
               "systemFontType": "regular"
               },
               {
               "DLSTextStyleName": "bodyCardBold",
               "font": "ABCSansNova-Bold",
               "pointSize": 28,
               "lineHeight": 38,
               "systemFontType": "bold"
               },
               {
               "DLSTextStyleName": "bodyCard",
               "font": "ABCSansNova-Regular",
               "pointSize": 28,
               "lineHeight": 38,
               "systemFontType": "regular"
               },
               {
               "DLSTextStyleName": "navTitle",
               "font": "ABCSansNova-Bold",
               "pointSize": 34,
               "lineHeight": 34,
               "systemFontType": "bold"
               },
               {
               "DLSTextStyleName": "utility",
               "font": "ABCSansNova-Regular",
               "pointSize": 26,
               "lineHeight": 34,
               "letterSpacing": 2.75,
               "systemFontType": "regular"
               },
               {
               "DLSTextStyleName": "utilityHeading",
               "font": "ABCSansNova-Bold",
               "pointSize": 26,
               "lineHeight": 32,
               "letterSpacing": 1.5,
               "systemFontType": "bold"
               },
               {
               "DLSTextStyleName": "utilityAction",
               "font": "ABCSansNova-Regular",
               "pointSize": 18,
               "lineHeight": 20,
               "letterSpacing": 0,
               "systemFontType": "regular"
               },
               {
               "DLSTextStyleName": "inputFieldLabel",
               "font": "ABCSansNova-Regular",
               "pointSize": 26,
               "lineHeight": 34,
               "letterSpacing": 0.92,
               "systemFontType": "regular"
               },
               {
               "DLSTextStyleName": "topic",
               "font": "ABCSansNova-Bold",
               "pointSize": 26,
               "lineHeight": 38,
               "letterSpacing": 2.75,
               "systemFontType": "bold"
               },
               {
               "DLSTextStyleName": "button",
               "font": "ABCSansNova-Bold",
               "pointSize": 26,
               "lineHeight": 38,
               "letterSpacing": 3.67,
               "systemFontType": "bold"
               },
               {
               "DLSTextStyleName": "statusLabelSmall",
               "font": "ABCSansNova-Bold",
               "pointSize": 24,
               "lineHeight": 30,
               "letterSpacing": 3,
               "systemFontType": "bold"
               },
               {
               "DLSTextStyleName": "bodySmall",
               "font": "ABCSansNova-Regular",
               "pointSize": 24,
               "lineHeight": 34,
               "letterSpacing": 2,
               "systemFontType": "regular"
               },
               {
               "DLSTextStyleName": "closedCaptions",
               "font": "ABCSansNova-Regular",
               "pointSize": 30,
               "lineHeight": 46,
               "systemFontType": "regular"
               },
               {
               "DLSTextStyleName": "timecode",
               "font": "ABCSans-BoldTabNumbers",
               "pointSize": 22,
               "lineHeight": 26,
               "letterSpacing": 0.92,
               "systemFontType": "bold"
               },
               {
               "DLSTextStyleName": "weatherTopMax",
               "font": "ABCSansNova-Regular",
               "pointSize": 62,
               "lineHeight": 62,
               "systemFontType": "regular"
               },
               {
               "DLSTextStyleName": "weatherTopMin",
               "font": "ABCSansNova-Regular",
               "pointSize": 54,
               "lineHeight": 54,
               "systemFontType": "regular"
               },
               {
               "DLSTextStyleName": "headingXLargeCondensed",
               "font": "ABCSansNova-CondensedBold",
               "pointSize": 46,
               "lineHeight": 54,
               "systemFontType": "bold"
               },
               {
               "DLSTextStyleName": "headingLargeCondensed",
               "font": "ABCSansNova-CondensedBold",
               "pointSize": 38,
               "lineHeight": 46,
               "systemFontType": "bold"
               },
               {
               "DLSTextStyleName": "headingMediumCondensed",
               "font": "ABCSansNova-CondensedBold",
               "pointSize": 34,
               "lineHeight": 38,
               "systemFontType": "bold"
               },
               {
               "DLSTextStyleName": "headingSmallCondensed",
               "font": "ABCSansNova-CondensedBold",
               "pointSize": 32,
               "lineHeight": 38,
               "systemFontType": "bold"
               },
               {
               "DLSTextStyleName": "headingXSmallCondensed",
               "font": "ABCSansNova-CondensedBold",
               "pointSize": 30,
               "lineHeight": 38,
               "systemFontType": "bold"
               }
               ]
 },
 {
 "sizeCategory": "AX3",
 "fontTable": [
               {
               "DLSTextStyleName": "headingXLarge",
               "font": "ABCSansNova-Black",
               "pointSize": 50,
               "lineHeight": 58,
               "systemFontType": "bold"
               },
               {
               "DLSTextStyleName": "headingLarge",
               "font": "ABCSansNova-Black",
               "pointSize": 42,
               "lineHeight": 50,
               "systemFontType": "bold"
               },
               {
               "DLSTextStyleName": "lead",
               "font": "ABCSansNova-Regular",
               "pointSize": 44,
               "lineHeight": 50,
               "systemFontType": "regular"
               },
               {
               "DLSTextStyleName": "headingMedium",
               "font": "ABCSansNova-Black",
               "pointSize": 38,
               "lineHeight": 42,
               "systemFontType": "bold"
               },
               {
               "DLSTextStyleName": "headingSmall",
               "font": "ABCSansNova-Black",
               "pointSize": 36,
               "lineHeight": 42,
               "systemFontType": "bold"
               },
               {
               "DLSTextStyleName": "pullQuote",
               "font": "ABCSansNova-Italic",
               "pointSize": 36,
               "lineHeight": 46,
               "systemFontType": "regular"
               },
               {
               "DLSTextStyleName": "headingXSmall",
               "font": "ABCSansNova-Black",
               "pointSize": 34,
               "lineHeight": 42,
               "systemFontType": "bold"
               },
               {
               "DLSTextStyleName": "bodyLargeBold",
               "font": "ABCSansNova-Bold",
               "pointSize": 36,
               "lineHeight": 46,
               "systemFontType": "bold"
               },
               {
               "DLSTextStyleName": "toolbar",
               "font": "ABCSansNova-Bold",
               "pointSize": 34,
               "lineHeight": 38,
               "systemFontType": "bold"
               },
               {
               "DLSTextStyleName": "bodyBold",
               "font": "ABCSansNova-Bold",
               "pointSize": 34,
               "lineHeight": 42,
               "systemFontType": "bold"
               },
               {
               "DLSTextStyleName": "bodyLarge",
               "font": "ABCSansNova-Regular",
               "pointSize": 36,
               "lineHeight": 46,
               "systemFontType": "regular"
               },
               {
               "DLSTextStyleName": "body",
               "font": "ABCSansNova-Regular",
               "pointSize": 34,
               "lineHeight": 42,
               "systemFontType": "regular"
               },
               {
               "DLSTextStyleName": "inputFieldText",
               "font": "ABCSansNova-Regular",
               "pointSize": 34,
               "lineHeight": 42,
               "letterSpacing": 1.75,
               "systemFontType": "regular"
               },
               {
               "DLSTextStyleName": "bodyCardBold",
               "font": "ABCSansNova-Bold",
               "pointSize": 32,
               "lineHeight": 42,
               "systemFontType": "bold"
               },
               {
               "DLSTextStyleName": "bodyCard",
               "font": "ABCSansNova-Regular",
               "pointSize": 32,
               "lineHeight": 42,
               "systemFontType": "regular"
               },
               {
               "DLSTextStyleName": "navTitle",
               "font": "ABCSansNova-Bold",
               "pointSize": 38,
               "lineHeight": 38,
               "systemFontType": "bold"
               },
               {
               "DLSTextStyleName": "utility",
               "font": "ABCSansNova-Regular",
               "pointSize": 30,
               "lineHeight": 38,
               "letterSpacing": 3,
               "systemFontType": "regular"
               },
               {
               "DLSTextStyleName": "utilityHeading",
               "font": "ABCSansNova-Bold",
               "pointSize": 28,
               "lineHeight": 34,
               "letterSpacing": 1.5,
               "systemFontType": "bold"
               },
               {
               "DLSTextStyleName": "utilityAction",
               "font": "ABCSansNova-Regular",
               "pointSize": 20,
               "lineHeight": 22,
               "letterSpacing": 0,
               "systemFontType": "regular"
               },
               {
               "DLSTextStyleName": "inputFieldLabel",
               "font": "ABCSansNova-Regular",
               "pointSize": 30,
               "lineHeight": 38,
               "letterSpacing": 1,
               "systemFontType": "regular"
               },
               {
               "DLSTextStyleName": "topic",
               "font": "ABCSansNova-Bold",
               "pointSize": 30,
               "lineHeight": 42,
               "letterSpacing": 3,
               "systemFontType": "bold"
               },
               {
               "DLSTextStyleName": "button",
               "font": "ABCSansNova-Bold",
               "pointSize": 30,
               "lineHeight": 42,
               "letterSpacing": 4,
               "systemFontType": "bold"
               },
               {
               "DLSTextStyleName": "statusLabelSmall",
               "font": "ABCSansNova-Bold",
               "pointSize": 28,
               "lineHeight": 34,
               "letterSpacing": 3.5,
               "systemFontType": "bold"
               },
               {
               "DLSTextStyleName": "bodySmall",
               "font": "ABCSansNova-Regular",
               "pointSize": 30,
               "lineHeight": 38,
               "letterSpacing": 2.33,
               "systemFontType": "regular"
               },
               {
               "DLSTextStyleName": "closedCaptions",
               "font": "ABCSansNova-Regular",
               "pointSize": 34,
               "lineHeight": 50,
               "systemFontType": "regular"
               },
               {
               "DLSTextStyleName": "timecode",
               "font": "ABCSans-BoldTabNumbers",
               "pointSize": 24,
               "lineHeight": 28,
               "letterSpacing": 1,
               "systemFontType": "bold"
               },
               {
               "DLSTextStyleName": "weatherTopMax",
               "font": "ABCSansNova-Regular",
               "pointSize": 66,
               "lineHeight": 66,
               "systemFontType": "regular"
               },
               {
               "DLSTextStyleName": "weatherTopMin",
               "font": "ABCSansNova-Regular",
               "pointSize": 58,
               "lineHeight": 58,
               "systemFontType": "regular"
               },
               {
               "DLSTextStyleName": "headingXLargeCondensed",
               "font": "ABCSansNova-CondensedBold",
               "pointSize": 50,
               "lineHeight": 58,
               "systemFontType": "bold"
               },
               {
               "DLSTextStyleName": "headingLargeCondensed",
               "font": "ABCSansNova-CondensedBold",
               "pointSize": 42,
               "lineHeight": 50,
               "systemFontType": "bold"
               },
               {
               "DLSTextStyleName": "headingMediumCondensed",
               "font": "ABCSansNova-CondensedBold",
               "pointSize": 38,
               "lineHeight": 42,
               "systemFontType": "bold"
               },
               {
               "DLSTextStyleName": "headingSmallCondensed",
               "font": "ABCSansNova-CondensedBold",
               "pointSize": 36,
               "lineHeight": 42,
               "systemFontType": "bold"
               },
               {
               "DLSTextStyleName": "headingXSmallCondensed",
               "font": "ABCSansNova-CondensedBold",
               "pointSize": 34,
               "lineHeight": 42,
               "systemFontType": "bold"
               }
               ]
 },
 {
 "sizeCategory": "AX4",
 "fontTable": [
               {
               "DLSTextStyleName": "headingXLarge",
               "font": "ABCSansNova-Black",
               "pointSize": 54,
               "lineHeight": 62,
               "systemFontType": "bold"
               },
               {
               "DLSTextStyleName": "headingLarge",
               "font": "ABCSansNova-Black",
               "pointSize": 46,
               "lineHeight": 54,
               "systemFontType": "bold"
               },
               {
               "DLSTextStyleName": "lead",
               "font": "ABCSansNova-Regular",
               "pointSize": 48,
               "lineHeight": 54,
               "systemFontType": "regular"
               },
               {
               "DLSTextStyleName": "headingMedium",
               "font": "ABCSansNova-Black",
               "pointSize": 42,
               "lineHeight": 46,
               "systemFontType": "bold"
               },
               {
               "DLSTextStyleName": "headingSmall",
               "font": "ABCSansNova-Black",
               "pointSize": 40,
               "lineHeight": 46,
               "systemFontType": "bold"
               },
               {
               "DLSTextStyleName": "pullQuote",
               "font": "ABCSansNova-Italic",
               "pointSize": 40,
               "lineHeight": 50,
               "systemFontType": "regular"
               },
               {
               "DLSTextStyleName": "headingXSmall",
               "font": "ABCSansNova-Black",
               "pointSize": 38,
               "lineHeight": 46,
               "systemFontType": "bold"
               },
               {
               "DLSTextStyleName": "bodyLargeBold",
               "font": "ABCSansNova-Bold",
               "pointSize": 40,
               "lineHeight": 50,
               "systemFontType": "bold"
               },
               {
               "DLSTextStyleName": "toolbar",
               "font": "ABCSansNova-Bold",
               "pointSize": 38,
               "lineHeight": 42,
               "systemFontType": "bold"
               },
               {
               "DLSTextStyleName": "bodyBold",
               "font": "ABCSansNova-Bold",
               "pointSize": 38,
               "lineHeight": 46,
               "systemFontType": "bold"
               },
               {
               "DLSTextStyleName": "bodyLarge",
               "font": "ABCSansNova-Regular",
               "pointSize": 40,
               "lineHeight": 50,
               "systemFontType": "regular"
               },
               {
               "DLSTextStyleName": "body",
               "font": "ABCSansNova-Regular",
               "pointSize": 38,
               "lineHeight": 46,
               "systemFontType": "regular"
               },
               {
               "DLSTextStyleName": "inputFieldText",
               "font": "ABCSansNova-Regular",
               "pointSize": 38,
               "lineHeight": 46,
               "letterSpacing": 1.88,
               "systemFontType": "regular"
               },
               {
               "DLSTextStyleName": "bodyCardBold",
               "font": "ABCSansNova-Bold",
               "pointSize": 36,
               "lineHeight": 46,
               "systemFontType": "bold"
               },
               {
               "DLSTextStyleName": "bodyCard",
               "font": "ABCSansNova-Regular",
               "pointSize": 36,
               "lineHeight": 46,
               "systemFontType": "regular"
               },
               {
               "DLSTextStyleName": "navTitle",
               "font": "ABCSansNova-Bold",
               "pointSize": 42,
               "lineHeight": 42,
               "systemFontType": "bold"
               },
               {
               "DLSTextStyleName": "utility",
               "font": "ABCSansNova-Regular",
               "pointSize": 34,
               "lineHeight": 42,
               "letterSpacing": 3.25,
               "systemFontType": "regular"
               },
               {
               "DLSTextStyleName": "utilityHeading",
               "font": "ABCSansNova-Bold",
               "pointSize": 30,
               "lineHeight": 36,
               "letterSpacing": 1.5,
               "systemFontType": "bold"
               },
               {
               "DLSTextStyleName": "utilityAction",
               "font": "ABCSansNova-Regular",
               "pointSize": 22,
               "lineHeight": 24,
               "letterSpacing": 0,
               "systemFontType": "regular"
               },
               {
               "DLSTextStyleName": "inputFieldLabel",
               "font": "ABCSansNova-Regular",
               "pointSize": 34,
               "lineHeight": 42,
               "letterSpacing": 1.08,
               "systemFontType": "regular"
               },
               {
               "DLSTextStyleName": "topic",
               "font": "ABCSansNova-Bold",
               "pointSize": 34,
               "lineHeight": 46,
               "letterSpacing": 3.25,
               "systemFontType": "bold"
               },
               {
               "DLSTextStyleName": "button",
               "font": "ABCSansNova-Bold",
               "pointSize": 34,
               "lineHeight": 46,
               "letterSpacing": 4.33,
               "systemFontType": "bold"
               },
               {
               "DLSTextStyleName": "statusLabelSmall",
               "font": "ABCSansNova-Bold",
               "pointSize": 32,
               "lineHeight": 38,
               "letterSpacing": 4,
               "systemFontType": "bold"
               },
               {
               "DLSTextStyleName": "bodySmall",
               "font": "ABCSansNova-Regular",
               "pointSize": 34,
               "lineHeight": 42,
               "letterSpacing": 2.67,
               "systemFontType": "regular"
               },
               {
               "DLSTextStyleName": "closedCaptions",
               "font": "ABCSansNova-Regular",
               "pointSize": 38,
               "lineHeight": 54,
               "systemFontType": "regular"
               },
               {
               "DLSTextStyleName": "timecode",
               "font": "ABCSans-BoldTabNumbers",
               "pointSize": 26,
               "lineHeight": 30,
               "letterSpacing": 1.08,
               "systemFontType": "bold"
               },
               {
               "DLSTextStyleName": "weatherTopMax",
               "font": "ABCSansNova-Regular",
               "pointSize": 70,
               "lineHeight": 70,
               "systemFontType": "regular"
               },
               {
               "DLSTextStyleName": "weatherTopMin",
               "font": "ABCSansNova-Regular",
               "pointSize": 62,
               "lineHeight": 62,
               "systemFontType": "regular"
               },
               {
               "DLSTextStyleName": "headingXLargeCondensed",
               "font": "ABCSansNova-CondensedBold",
               "pointSize": 54,
               "lineHeight": 62,
               "systemFontType": "bold"
               },
               {
               "DLSTextStyleName": "headingLargeCondensed",
               "font": "ABCSansNova-CondensedBold",
               "pointSize": 46,
               "lineHeight": 54,
               "systemFontType": "bold"
               },
               {
               "DLSTextStyleName": "headingMediumCondensed",
               "font": "ABCSansNova-CondensedBold",
               "pointSize": 42,
               "lineHeight": 46,
               "systemFontType": "bold"
               },
               {
               "DLSTextStyleName": "headingSmallCondensed",
               "font": "ABCSansNova-CondensedBold",
               "pointSize": 40,
               "lineHeight": 46,
               "systemFontType": "bold"
               },
               {
               "DLSTextStyleName": "headingXSmallCondensed",
               "font": "ABCSansNova-CondensedBold",
               "pointSize": 38,
               "lineHeight": 46,
               "systemFontType": "bold"
               }
               ]
 },
 {
 "sizeCategory": "AX5",
 "fontTable": [
               {
               "DLSTextStyleName": "headingXLarge",
               "font": "ABCSansNova-Black",
               "pointSize": 58,
               "lineHeight": 66,
               "systemFontType": "bold"
               },
               {
               "DLSTextStyleName": "headingLarge",
               "font": "ABCSansNova-Black",
               "pointSize": 50,
               "lineHeight": 60,
               "systemFontType": "bold"
               },
               {
               "DLSTextStyleName": "lead",
               "font": "ABCSansNova-Regular",
               "pointSize": 52,
               "lineHeight": 58,
               "systemFontType": "regular"
               },
               {
               "DLSTextStyleName": "headingMedium",
               "font": "ABCSansNova-Black",
               "pointSize": 46,
               "lineHeight": 50,
               "systemFontType": "bold"
               },
               {
               "DLSTextStyleName": "headingSmall",
               "font": "ABCSansNova-Black",
               "pointSize": 44,
               "lineHeight": 50,
               "systemFontType": "bold"
               },
               {
               "DLSTextStyleName": "pullQuote",
               "font": "ABCSansNova-Italic",
               "pointSize": 42,
               "lineHeight": 54,
               "systemFontType": "regular"
               },
               {
               "DLSTextStyleName": "headingXSmall",
               "font": "ABCSansNova-Black",
               "pointSize": 42,
               "lineHeight": 50,
               "systemFontType": "bold"
               },
               {
               "DLSTextStyleName": "bodyLargeBold",
               "font": "ABCSansNova-Bold",
               "pointSize": 44,
               "lineHeight": 54,
               "systemFontType": "bold"
               },
               {
               "DLSTextStyleName": "toolbar",
               "font": "ABCSansNova-Bold",
               "pointSize": 42,
               "lineHeight": 46,
               "systemFontType": "bold"
               },
               {
               "DLSTextStyleName": "bodyBold",
               "font": "ABCSansNova-Bold",
               "pointSize": 42,
               "lineHeight": 50,
               "systemFontType": "bold"
               },
               {
               "DLSTextStyleName": "bodyLarge",
               "font": "ABCSansNova-Regular",
               "pointSize": 44,
               "lineHeight": 54,
               "systemFontType": "regular"
               },
               {
               "DLSTextStyleName": "body",
               "font": "ABCSansNova-Regular",
               "pointSize": 42,
               "lineHeight": 50,
               "systemFontType": "regular"
               },
               {
               "DLSTextStyleName": "inputFieldText",
               "font": "ABCSansNova-Regular",
               "pointSize": 42,
               "lineHeight": 50,
               "letterSpacing": 2,
               "systemFontType": "regular"
               },
               {
               "DLSTextStyleName": "bodyCardBold",
               "font": "ABCSansNova-Bold",
               "pointSize": 40,
               "lineHeight": 50,
               "systemFontType": "bold"
               },
               {
               "DLSTextStyleName": "bodyCard",
               "font": "ABCSansNova-Regular",
               "pointSize": 40,
               "lineHeight": 50,
               "systemFontType": "regular"
               },
               {
               "DLSTextStyleName": "navTitle",
               "font": "ABCSansNova-Bold",
               "pointSize": 46,
               "lineHeight": 46,
               "systemFontType": "bold"
               },
               {
               "DLSTextStyleName": "utility",
               "font": "ABCSansNova-Regular",
               "pointSize": 38,
               "lineHeight": 46,
               "letterSpacing": 3.5,
               "systemFontType": "regular"
               },
               {
               "DLSTextStyleName": "utilityHeading",
               "font": "ABCSansNova-Bold",
               "pointSize": 32,
               "lineHeight": 38,
               "letterSpacing": 1.5,
               "systemFontType": "bold"
               },
               {
               "DLSTextStyleName": "utilityAction",
               "font": "ABCSansNova-Regular",
               "pointSize": 24,
               "lineHeight": 26,
               "letterSpacing": 0,
               "systemFontType": "regular"
               },
               {
               "DLSTextStyleName": "inputFieldLabel",
               "font": "ABCSansNova-Regular",
               "pointSize": 38,
               "lineHeight": 46,
               "letterSpacing": 1.17,
               "systemFontType": "regular"
               },
               {
               "DLSTextStyleName": "topic",
               "font": "ABCSansNova-Bold",
               "pointSize": 38,
               "lineHeight": 50,
               "letterSpacing": 3.5,
               "systemFontType": "bold"
               },
               {
               "DLSTextStyleName": "button",
               "font": "ABCSansNova-Bold",
               "pointSize": 38,
               "lineHeight": 50,
               "letterSpacing": 4.67,
               "systemFontType": "bold"
               },
               {
               "DLSTextStyleName": "statusLabelSmall",
               "font": "ABCSansNova-Bold",
               "pointSize": 36,
               "lineHeight": 42,
               "letterSpacing": 4.5,
               "systemFontType": "bold"
               },
               {
               "DLSTextStyleName": "bodySmall",
               "font": "ABCSansNova-Regular",
               "pointSize": 38,
               "lineHeight": 46,
               "letterSpacing": 3,
               "systemFontType": "regular"
               },
               {
               "DLSTextStyleName": "closedCaptions",
               "font": "ABCSansNova-Regular",
               "pointSize": 42,
               "lineHeight": 58,
               "systemFontType": "regular"
               },
               {
               "DLSTextStyleName": "timecode",
               "font": "ABCSans-BoldTabNumbers",
               "pointSize": 28,
               "lineHeight": 32,
               "letterSpacing": 3.5,
               "systemFontType": "bold"
               },
               {
               "DLSTextStyleName": "weatherTopMax",
               "font": "ABCSansNova-Regular",
               "pointSize": 74,
               "lineHeight": 74,
               "systemFontType": "regular"
               },
               {
               "DLSTextStyleName": "weatherTopMin",
               "font": "ABCSansNova-Regular",
               "pointSize": 66,
               "lineHeight": 66,
               "systemFontType": "regular"
               },
               {
               "DLSTextStyleName": "headingXLargeCondensed",
               "font": "ABCSansNova-CondensedBold",
               "pointSize": 58,
               "lineHeight": 66,
               "systemFontType": "bold"
               },
               {
               "DLSTextStyleName": "headingLargeCondensed",
               "font": "ABCSansNova-CondensedBold",
               "pointSize": 50,
               "lineHeight": 60,
               "systemFontType": "bold"
               },
               {
               "DLSTextStyleName": "headingMediumCondensed",
               "font": "ABCSansNova-CondensedBold",
               "pointSize": 46,
               "lineHeight": 50,
               "systemFontType": "bold"
               },
               {
               "DLSTextStyleName": "headingSmallCondensed",
               "font": "ABCSansNova-CondensedBold",
               "pointSize": 44,
               "lineHeight": 50,
               "systemFontType": "bold"
               },
               {
               "DLSTextStyleName": "headingXSmallCondensed",
               "font": "ABCSansNova-CondensedBold",
               "pointSize": 42,
               "lineHeight": 50,
               "systemFontType": "bold"
               }
               ]
 }
 ]
