{
    "event_name": "moduleView",
    "Definition": "Occurs when the user needs to provide reconsent",
    "targets": [
        {
            "toolName": "GA",
            "parameters": [
                {
                    "name": "cd11",
                    "friendlyName": "u_userid",
                    "type": "string",
                    "mandatory": true
                },
                {
                    "name": "cd12",
                    "friendlyName": "u_userid",
                    "type": "string",
                    "mandatory": true
                },
                {
                    "name": "cd13",
                    "friendlyName": "u_userid",
                    "type": "string",
                    "mandatory": true
                },
                {
                    "name": "cd35",
                    "friendlyName": "e_target",
                    "type": "string",
                    "mandatory": true
                },
                {
                    "name": "cd19",
                    "friendlyName": "u_timezone",
                    "type": "int",
                    "mandatory": true
                },
                {
                    "name": "cd20",
                    "friendlyName": "a_platform",
                    "type": "string",
                    "mandatory": true
                },
                {
                    "name": "cd21",
                    "friendlyName": "a_generatorname",
                    "type": "string",
                    "mandatory": true
                },
                {
                    "name": "cd22",
                    "friendlyName": "d_canonicalurl",
                    "type": "string",
                    "mandatory": true
                },
                {
                    "name": "cd23",
                    "friendlyName": "d_contenttype",
                    "type": "string",
                    "mandatory": true
                },
                {
                    "name": "cd24",
                    "friendlyName": "d_contentsource",
                    "type": "string",
                    "mandatory": true
                },
                {
                    "name": "cd31",
                    "friendlyName": "a_generatorversion",
                    "type": "string",
                    "mandatory": true
                },
                {
                    "name": "cd32",
                    "friendlyName": "d_screentype",
                    "type": "string",
                    "mandatory": true
                },
                {
                    "name": "cd33",
                    "friendlyName": "d_uri",
                    "type": "string",
                    "mandatory": true
                },
                {
                    "name": "cd45",
                    "friendlyName": "d_language",
                    "type": "int",
                    "mandatory": true
                },
                {
                    "name": "cd8",
                    "friendlyName": "u_sp_type",
                    "type": "string",
                    "mandatory": false
                },
                {
                    "name": "cd9",
                    "friendlyName": "u_subprofilestotalcount",
                    "type": "string",
                    "mandatory": false
                },
                {
                    "name": "cd10",
                    "friendlyName": "u_accounttype",
                    "type": "string",
                    "mandatory": true
                }
            ]
        }
    ]
}
