{
    "event_name":"Ping",
    "Definition": "Occurs at a regular time-based interval",
    "targets" : [
        {
            "toolName": "Snowplow",
            "parameters": [
                {
                    "name": "se_ca",
                    "type": "string",
                    "mandatory": true
                },
                {
                    "name": "se_ac",
                    "type": "string",
                    "mandatory": true
                },
                {
                    "name": "se_la",
                    "type": "string",
                    "mandatory": true
                },
                {
                    "name": "se_pr",
                    "type": "string",
                    "mandatory": true
                },
                {
                    "name": "se_va",
                    "type": "decimal",
                    "mandatory": true
                }]
        }
    ]
}

