{
    "event_name":"Play",
    "Definition": "Occurs when a user initiates playback of a video / audio stream or an on-demand video / audio clip for the first time",
    "targets" : [
        {
            "toolName": "GA",
            "parameters": [
                {
                    "name": "e_mediaduration",
                    "type": "string",
                    "mandatory": false
                },
                {
                    "name": "e_videoType",
                    "type": "string",
                    "mandatory": false
                },
                {
                    "name": "e_elapsedPercentage",
                    "type": "string",
                    "mandatory": false
                },
                {
                    "name": "e_episode_name",
                    "type": "string",
                    "mandatory": false
                },
                {
                    "name": "e_episode_id",
                    "type": "string",
                    "mandatory": false
                },
                {
                    "name": "cd11",
                    "friendlyName": "u_userid",
                    "type": "string",
                    "mandatory": true
                }
            ]
        }
    ]
}
