{
    "event_name":"ProgressPercentage",
    "Definition": "Occurs when audio or video is being played and the media reaches some Percentage",
    "targets" : [
        {
            "toolName": "GA",
            "parameters": [
                {
                    "name": "cd23",
                    "friendlyName": "d_contenttype",
                    "type": "string",
                    "mandatory": true
                },
                {
                    "name": "cd24",
                    "friendlyName": "d_source",
                    "type": "string",
                    "mandatory": true
                },
                {
                    "name": "cd25",
                    "friendlyName": "d_title_title",
                    "type": "string",
                    "mandatory": true
                },
                {
                    "name": "cd28",
                    "friendlyName": "d_id",
                    "type": "string",
                    "mandatory": false
                },
                {
                    "name": "cd30",
                    "friendlyName": "d_streamtype",
                    "type": "string",
                    "mandatory": false
                },
                {
                    "name": "cd33",
                    "friendlyName": "d_uri",
                    "type": "string",
                    "mandatory": true
                },
                {
                    "name": "cd70",
                    "friendlyName": "d_program_name",
                    "type": "string",
                    "mandatory": true
                },
                {
                    "name": "cd71",
                    "friendlyName": "d_series_name",
                    "type": "string",
                    "mandatory": true
                },
                {
                    "name": "cd73",
                    "friendlyName": "d_episode_name",
                    "type": "string",
                    "mandatory": true
                },
                {
                    "name": "cd75",
                    "friendlyName": "d_classification",
                    "type": "string",
                    "mandatory": true
                },
                {
                    "name": "cd84",
                    "friendlyName": "d_program_id",
                    "type": "string",
                    "mandatory": false
                },
                {
                    "name": "cd85",
                    "friendlyName": "d_series_id",
                    "type": "string",
                    "mandatory": false
                },
                {
                    "name": "cd86",
                    "friendlyName": "d_episode_id",
                    "type": "string",
                    "mandatory": true
                },
                {
                    "name": "cd88",
                    "friendlyName": "d_videotype",
                    "type": "string",
                    "mandatory": true
                },
                {
                    "name": "cd91",
                    "friendlyName": "d_captionsavailable",
                    "type": "string",
                    "mandatory": true
                },
                {
                    "name": "cd92",
                    "friendlyName": "e_captionsdisplayed",
                    "type": "string",
                    "mandatory": true
                },
                {
                    "name": "cm5",
                    "friendlyName": "d_mediaduration",
                    "type": "int",
                    "mandatory": true
                },
                {
                    "name": "cm8",
                    "friendlyName": "e_elapsedseconds",
                    "type": "int",
                    "mandatory": true
                },
                {
                    "name": "cd22",
                    "friendlyName": "d_canonicalurl",
                    "type": "string",
                    "mandatory": true
                },
                {
                    "name": "cd93",
                    "friendlyName": "u_p_castenabled",
                    "type": "int",
                    "mandatory": true
                },
                {
                    "name": "cd92",
                    "friendlyName": "u_p_captionsenabled",
                    "type": "int",
                    "mandatory": true
                },
                {
                    "name": "cd22",
                    "friendlyName": "d_canonicalurl",
                    "type": "int",
                    "mandatory": true
                },
                {
                    "name": "cd32",
                    "friendlyName": "e_screentype",
                    "type": "int",
                    "mandatory": true
                },
                {
                    "name": "cd76",
                    "friendlyName": "d_categories",
                    "type": "int",
                    "mandatory": true
                },
                {
                    "name": "cd45",
                    "friendlyName": "d_language",
                    "type": "int",
                    "mandatory": true
                },
                {
                    "name": "cd19",
                    "friendlyName": "u_timezone",
                    "type": "int",
                    "mandatory": true
                },
                {
                    "name": "cd24",
                    "friendlyName": "d_contentsource",
                    "type": "string",
                    "mandatory": true
                },
                {
                    "name": "cd11",
                    "friendlyName": "u_userid",
                    "type": "string",
                    "mandatory": true
                },
                {
                    "name": "cd8",
                    "friendlyName": "u_sp_type",
                    "type": "string",
                    "mandatory": false
                },
                {
                    "name": "cd9",
                    "friendlyName": "u_subprofilestotalcount",
                    "type": "string",
                    "mandatory": false
                },
                {
                    "name": "cd12",
                    "friendlyName": "u_userid",
                    "type": "string",
                    "mandatory": true
                },
                {
                    "name": "cd13",
                    "friendlyName": "u_userid",
                    "type": "string",
                    "mandatory": true
                },
                {
                    "name": "cd10",
                    "friendlyName": "u_accounttype",
                    "type": "string",
                    "mandatory": true
                }
            ]}]
}


