{"v":"5.6.6","fr":60,"ip":0,"op":600,"w":1080,"h":1080,"nm":"blob_movement_loop_Master","ddd":0,"assets":[{"id":"comp_0","layers":[{"ddd":0,"ind":9,"ty":0,"nm":"blob_looping_yellow","refId":"comp_1","sr":1,"ks":{"o":{"a":0,"k":100,"ix":11},"r":{"a":0,"k":0,"ix":10},"p":{"a":0,"k":[540,540,0],"ix":2},"a":{"a":0,"k":[425,425,0],"ix":1},"s":{"a":0,"k":[100,100,100],"ix":6}},"ao":0,"w":850,"h":850,"ip":0,"op":601,"st":0,"bm":0}]},{"id":"comp_1","layers":[{"ddd":0,"ind":1,"ty":4,"nm":"blob 2","sr":1,"ks":{"o":{"a":0,"k":100,"ix":11},"r":{"a":1,"k":[{"i":{"x":[0.833],"y":[0.833]},"o":{"x":[0.167],"y":[0.167]},"t":0,"s":[0]},{"t":600,"s":[359]}],"ix":10,"x":"var $bm_rt;\n$bm_rt = transform.rotation;"},"p":{"a":0,"k":[425,425,0],"ix":2},"a":{"a":0,"k":[4.539,-39.469,0],"ix":1},"s":{"a":0,"k":[97.752,100,100],"ix":6}},"ao":0,"shapes":[{"ty":"gr","it":[{"ty":"fl","c":{"a":0,"k":[0.960784313725,0.698039215686,0.090196078431,1],"ix":4},"o":{"a":0,"k":100,"ix":5},"r":1,"bm":0,"nm":"Fill 1","mn":"ADBE Vector Graphic - Fill","hd":false},{"ty":"tr","p":{"a":0,"k":[0,0],"ix":2},"a":{"a":0,"k":[0,0],"ix":1},"s":{"a":0,"k":[100,100],"ix":3},"r":{"a":0,"k":0,"ix":6},"o":{"a":0,"k":100,"ix":7},"sk":{"a":0,"k":0,"ix":4},"sa":{"a":0,"k":0,"ix":5},"nm":"Transform"}],"nm":"Shape 1","np":2,"cix":2,"bm":0,"ix":1,"mn":"ADBE Vector Group","hd":false},{"ty":"gr","it":[{"ind":0,"ty":"sh","ix":1,"ks":{"a":1,"k":[{"i":{"x":0.833,"y":0.833},"o":{"x":0.167,"y":0.167},"t":0,"s":[{"i":[[-176.18,-13.673],[0,-176.709],[176.71,0],[0,176.71]],"o":[[167,12.961],[0,176.71],[-176.71,0],[0,-176.709]],"v":[[0,-319.961],[333.961,0.469],[0,319.961],[-305.961,0.469]],"c":true}]},{"i":{"x":0.833,"y":0.833},"o":{"x":0.167,"y":0.167},"t":156,"s":[{"i":[[-176.18,-13.673],[25.395,-176.469],[176.71,0],[0,176.71]],"o":[[167,12.961],[-25.17,174.908],[-176.71,0],[0,-176.709]],"v":[[12.608,-299.978],[318.946,0.469],[0,332.961],[-335.33,-6.599]],"c":true}]},{"i":{"x":0.833,"y":0.833},"o":{"x":0.167,"y":0.167},"t":299,"s":[{"i":[[-177.214,-5.753],[-18.523,-177.467],[177.175,-12.649],[-10.942,176.37]],"o":[[167.414,5.435],[18.301,175.35],[-176.26,12.584],[11.36,-183.097]],"v":[[11.574,-329.209],[323.892,0.469],[5.996,319.694],[-296.287,-4.549]],"c":true}]},{"i":{"x":0.833,"y":0.833},"o":{"x":0.167,"y":0.167},"t":450.875,"s":[{"i":[[-176.693,-9.739],[32.571,-174.309],[176.94,-6.283],[-5.435,176.541]],"o":[[167.206,9.223],[-31.679,169.531],[-176.486,6.25],[5.642,-179.882]],"v":[[9.492,-319.672],[322.967,6.469],[8.984,309.817],[-320.294,-2.189]],"c":true}]},{"t":600,"s":[{"i":[[-176.18,-13.673],[0,-176.709],[176.71,0],[0,176.71]],"o":[[167,12.961],[0,176.71],[-176.71,0],[0,-176.709]],"v":[[0,-319.961],[333.961,0.469],[0,319.961],[-305.961,0.469]],"c":true}]}],"ix":2},"nm":"Path 1","mn":"ADBE Vector Shape - Group","hd":false},{"ty":"fl","c":{"a":0,"k":[0.960784313725,0.698039215686,0.090196078431,1],"ix":4},"o":{"a":0,"k":100,"ix":5},"r":1,"bm":0,"nm":"Fill 1","mn":"ADBE Vector Graphic - Fill","hd":false},{"ty":"tr","p":{"a":0,"k":[4.539,-39.469],"ix":2},"a":{"a":0,"k":[0,0],"ix":1},"s":{"a":0,"k":[99.901,100],"ix":3},"r":{"a":0,"k":0,"ix":6},"o":{"a":0,"k":100,"ix":7},"sk":{"a":0,"k":0,"ix":4},"sa":{"a":0,"k":0,"ix":5},"nm":"Transform"}],"nm":"Ellipse 1","np":3,"cix":2,"bm":0,"ix":2,"mn":"ADBE Vector Group","hd":false}],"ip":0,"op":606,"st":0,"bm":0}]}],"layers":[{"ddd":0,"ind":1,"ty":0,"nm":"blob_movement_loop","refId":"comp_0","sr":1,"ks":{"o":{"a":0,"k":100,"ix":11},"r":{"a":0,"k":0,"ix":10},"p":{"a":1,"k":[{"i":{"x":0.667,"y":1},"o":{"x":0.333,"y":0},"t":0,"s":[540,540,0],"to":[0,0,0],"ti":[0,0,0]},{"i":{"x":0.667,"y":1},"o":{"x":0.333,"y":0},"t":121,"s":[584,560,0],"to":[0,0,0],"ti":[0,0,0]},{"i":{"x":0.667,"y":1},"o":{"x":0.333,"y":0},"t":242,"s":[626.772,496.837,0],"to":[0,0,0],"ti":[0,0,0]},{"i":{"x":0.667,"y":1},"o":{"x":0.333,"y":0},"t":361,"s":[480.625,583.187,0],"to":[0,0,0],"ti":[0,0,0]},{"i":{"x":0.667,"y":1},"o":{"x":0.333,"y":0},"t":481,"s":[510.521,485.419,0],"to":[0,0,0],"ti":[0,0,0]},{"t":600,"s":[540,540,0]}],"ix":2},"a":{"a":0,"k":[540,540,0],"ix":1},"s":{"a":1,"k":[{"i":{"x":[0.667,0.667,0.667],"y":[1,1,1]},"o":{"x":[0.333,0.333,0.333],"y":[0,0,0]},"t":0,"s":[100,100,100]},{"i":{"x":[0.667,0.667,0.667],"y":[1,1,1]},"o":{"x":[0.333,0.333,0.333],"y":[0,0,0]},"t":300,"s":[120,120,100]},{"t":600,"s":[100,100,100]}],"ix":6}},"ao":0,"w":1080,"h":1080,"ip":0,"op":600,"st":0,"bm":0}],"markers":[]}